lat,lon,island,name,address,type,year_open
621954.2041,2353014.539,Oahu,Aston Waikiki Circle Hotel,2464 Kalakaua Avenue,HOTEL,1963
622334.2216,2352968.741,Oahu,Aston Waikiki Sunset,229 Paoakalani Avenue,CONDOMINIUM HOTEL,1979
622261.2037,2353028.296,Oahu,Aston at the Waikiki Banyan,201 Ohua Avenue,CONDOMINIUM HOTEL,1979
622000.8729,2353041.569,Oahu,Aston Waikiki Beach Tower,2470 Kalakaua Avenue,CONDOMINIUM HOTEL,1984
816540.3123,2171679.031,Hawaii,Aston Kona by the Sea,75-6106 Alii Drive,CONDOMINIUM HOTEL,1982
826124.3483,2205808.575,Hawaii,Aston Shores at Waikoloa,69-1035 Keana Place,CONDOMINIUM HOTEL,1987
827012.8328,2205963.252,Hawaii,Aston Waikoloa Colony Villas,69-555 Waikoloa Beach Drive,CONDOMINIUM HOTEL,2003
739919.974,2315330.603,Maui,Aston at The Whaler on Kaanapali Beach,2481 Kaanapali Parkway,CONDOMINIUM HOTEL,1975
740510.5726,2318544.599,Maui,Aston at Papakea Resort,3543 Lower Honoapiilani Road,CONDOMINIUM HOTEL,1976
740398.9416,2318204.038,Maui,Aston Kaanapali Shores,3445 Lower Honoapiilani Road,CONDOMINIUM HOTEL,1980
740089.0582,2316647.192,Maui,Aston Maui Kaanapali Villas,45 Kai Ala Drive,CONDOMINIUM HOTEL,1966
766249.151,2291802.213,Maui,Aston Maui Hill,2881 South Kihei Road,CONDOMINIUM HOTEL,1981
765992.8951,2292828.041,Maui,Aston at the Maui Banyan,2575 South Kihei Road,CONDOMINIUM HOTEL,1990
740050.3272,2317979.03,Maui,Aston Mahana at Kaanapali,110 Kaanapali Shores Place,CONDOMINIUM HOTEL,1974
740571.1623,2318740.994,Maui,Aston Paki Maui,3615 Lower Honoapiilani Road,CONDOMINIUM HOTEL,1976
466081.1068,2438778.322,Kauai,Aston Islander on the Beach,440 Aleka Place,CONDOMINIUM HOTEL,1970
454025.165,2419176.326,Kauai,Aston at Poipu Kai,1775 Poipu Road,CONDOMINIUM HOTEL,1980
463371.7942,2428227.224,Kauai,Banyan Harbor Resort,3411 Wilcox Road,CONDOMINIUM HOTEL,1978
466227.5435,2438985.582,Kauai,Plantation Hale Suites,525 Aleka Loop,CONDOMINIUM HOTEL,1973
622040.428,2353230.054,Oahu,Aqua Pacific Monarch Hotel,2427 Kuhio Avenue,CONDOMINIUM HOTEL,1976
622169.2738,2352801.632,Oahu,Renew,129 Paoakalani Avenue,HOTEL,1967
622028.1302,2353182.292,Oahu,Royal Grove Hotel,151 Uluniu Avenue,HOTEL,1952
621822.0999,2353619.042,Oahu,White Sands,431 Nohonani Street,HOTEL,1959
889871.5245,2149062.728,Hawaii,Volcano House,1 Crater Rim Drive,HOTEL,1941
621735.6726,2353566.09,Oahu,Ohia Waikiki,2280 Kuhio Avenue,HOTEL,1972
622081.49,2353000.325,Oahu,Alohilani Resort Waikiki Beach,2490 Kalakaua Avenue,HOTEL,1969
621243.8356,2354073.091,Oahu,Ambassador Hotel Waikiki,2040 Kuhio Avenue,HOTEL,1965
828779.7796,2209144.182,Hawaii,Fairmont Orchid,1 North Kaniku Drive,HOTEL,1990
719047.6603,2295019.683,Lanai,Four Seasons Resort Lanai,1 Manele Bay Road,HOTEL,1990
766575.7099,2288785.722,Maui,Four Seasons Resort Maui at Wailea,3900 Wailea Alanui Drive,HOTEL,1990
815516.349,2174345.306,Hawaii,Holiday Inn Express & Suites Kailua Kona,75-146 Sarona Road,HOTEL,2014
820036.9252,2172112.892,Hawaii,Holualoa Inn,76-5932 Mamalahoa Highway,BED & BREAKFAST,1987
597406.7929,2395182.37,Oahu,Aloha From The Sunset Beach House,59-531 Ke Iki Road,INDIVIDUAL VACATION UNIT,NA
828456.4723,2129610.446,Hawaii,Belle Vue Kona,Mamalahoa Highway,BED & BREAKFAST,2003
778265.0043,2297256.945,Maui,Upcountry Bed & Breakfast,4925 Lower Kula Road,BED & BREAKFAST,2001
827645.3627,2148099.204,Hawaii,Hale Hoola Bed & Breakfast,85-4577 Mamalahoa Highway,,1998
819059.2452,2172503.043,Hawaii,Hale Maluhia Country Inn,76-770 Hualalai Road,BED & BREAKFAST,1992
833818.8688,2240773.248,Hawaii,Hawaii Island Retreat at Ahu Pohaku Hoomaluhia,250 Maluhia Road,HOTEL,2009
910239.2665,2185189.988,Hawaii,Hilo Bay Hale Bed and Breakfast,301 Ponahawai Street,BED & BREAKFAST,2009
828099.7292,2144088.068,Hawaii,Horizon Guest House,86-3992 Mamalahoa Highway,BED & BREAKFAST,1998
716661.272,2304160.799,Lanai,Hotel Lanai,828 Lanai Avenue,HOTEL,1923
712788.5682,2330986.851,Molokai,Ka Hale Mala B & B,35 Kamakana Place,BED & BREAKFAST,1995
739939.6951,2315474.036,Maui,Kaanapali Beach Hotel,2525 Kaanapali Parkway,HOTEL,1964
460912.3439,2454947.607,Kauai,Kilauea Lakeside Estate,4613 G Waiakalua,INDIVIDUAL VACATION UNIT,1992
897769.7142,2152246.807,Hawaii,Kipuka Cottage,11-3798 Nahelenani Street,INDIVIDUAL VACATION UNIT,
780292.4826,2299937.653,Maui,Kula Lodge,15200 Haleakala Highway,HOTEL,1949
838349.5442,2113918.552,Hawaii,Leilani Bed & Breakfast,92-8822 Leilani Parkway,BED & BREAKFAST,2005
772917.6759,2314279.538,Maui,Mangolani B&B,325 Baldwin Avenue,BED & BREAKFAST,
629861.7565,2368935.492,Oahu,Manu Mele Bed & Breakfast,153 Kailuana Place,BED & BREAKFAST,1988
789436.0533,2314204.872,Maui,Maui Eco Retreat,610 Huelo Road,BED & BREAKFAST,
931155.6195,2167579.976,Hawaii,Ohana House,11-3741A Ala Ohia,INDIVIDUAL VACATION UNIT,2005
620885.6011,2373550.586,Oahu,Paradise Bay Resort,47-039 Lihikai Drive,HOTEL,2010
630943.8937,2366778.357,Oahu,Sheffield House,131 Kuulei Road,BED & BREAKFAST,1987
766163.8019,2291238.164,Maui,Sunny Surf,3080 South Kihei Road,INDIVIDUAL VACATION UNIT,
908900.2523,2185324.684,Hawaii,The Falls at Reed's Island,286 Kalulani Street,INDIVIDUAL VACATION UNIT,2004
627192.0013,2352709.165,Oahu,The Kahala Hotel & Resort,5000 Kahala Avenue,HOTEL,1963
743877.3913,2324015.571,Maui,The Ritz-Carlton Kapalua,1 Ritz Carlton Drive,HOTEL,1992
621128.2208,2353524.306,Oahu,Trump International Hotel Waikiki,223 Saratoga Road,HOTEL,2009
895620.3029,2152583.297,Hawaii,Volcano Village Lodge,19-4183 Road E,BED & BREAKFAST,2006
430272.665,2428498.145,Kauai,Waimea Plantation Cottages,9400 Kaumualii Highway,HOTEL,1984
778611.6247,2315853.795,Maui,Hale Mauka Makai,279 Pauwela Road,INDIVIDUAL VACATION UNIT,1997
818857.2225,2165439.548,Hawaii,Wyndham Mauna Loa Village,78-7190 Kaleiopapa Street,TIMESHARE,1983
818857.2225,2165439.548,Hawaii,Shell Vacations Holua Resort at Mauna Loa Village,78-7190 Kaleiopapa Street,TIMESHARE,1983
466231.8824,2438962.189,Kauai,Shell Vacations Kaua‘i Coast Resort at the Beachboy,520 Aleka Loop,TIMESHARE,1969
818519.7856,2166872.382,Hawaii,Shell Vacations Kona Coast Resort,78-6842 Alii Drive,TIMESHARE,1981
835584.492,2206431.653,Hawaii,Shell Vacations Paniolo Greens Resort,68-1745 Waikoloa Road,TIMESHARE,1991
620491.8234,2354134.942,Oahu,Shell Vacations Waikiki Marina Resort at The Ilikai,1777 Ala Moana Boulevard,TIMESHARE,1964
766100.4838,2293550.329,Maui,WorldMark at Kihei,75 Alanui Ke Alii Drive,TIMESHARE,2001
816057.9667,2172793.532,Hawaii,WorldMark at Kona,75-5949 Alii Drive,TIMESHARE,1997
741363.0458,2320743.318,Maui,WorldMark at Valley Isle,4327 Lower Honoapiilani Road,TIMESHARE,1973
467026.3422,2439921.056,Kauai,WorldMark Kapaa Shore,4-900 Kuhio Highway,TIMESHARE,1978
621372.4633,2354055.524,Oahu,Wyndham Vacation Resorts Royal Garden at Waikiki,440 Olohana Street,TIMESHARE,1993
621303.0484,2353518.44,Oahu,Wyndham at Waikiki Beach Walk,227 Lewers Street,TIMESHARE,2006
450376.5955,2457517.291,Kauai,Wyndham Bali Hai Villas,4970 Pepelani Loop,TIMESHARE,1995
451449.5415,2457159.23,Kauai,Wyndham Ka Eo Kai,3970 Wyllie Road,TIMESHARE,1982
765937.7628,2293050.786,Maui,Hale Pau Hana Resort,2480 South Kihei Road,CONDOMINIUM HOTEL,1969
759710.1396,2301662.191,Maui,Kanai A Nalu,250 Hauoli Street,INDIVIDUAL VACATION UNIT,1976
764630.9447,2298707.692,Maui,Wailana Kai,34 Wailana Place,INDIVIDUAL VACATION UNIT,1985
912678.5056,2186180.203,Hawaii,Pagoda Hilo Bay,121 Banyan Drive,APARTMENT/ HOTEL,1973
449021.8931,2457480.071,Kauai,Emmalani Court,5250 Ka Haku Road,INDIVIDUAL VACATION UNIT,2005
740664.1522,2316607.545,Maui,Kaanapali Plantation,150 Puukolii Road,INDIVIDUAL VACATION UNIT,
765985.1146,2292867.33,Maui,Kihei Akahi,2531 South Kihei Road,INDIVIDUAL VACATION UNIT,1977
740166.0958,2315717.854,Maui,Maui Eldorado,2661 Kekaa Drive,INDIVIDUAL VACATION UNIT,1969
759223.7927,2301261.778,Maui,Milowai-Maalaea,50 Hauoli Street,INDIVIDUAL VACATION UNIT,2004
741314.8191,2321013.025,Maui,Pohailani,4435 Lower Honoapiilani Road,INDIVIDUAL VACATION UNIT,
466894.866,2439652.465,Kauai,Waipouli Beach Resort,4-820 Kuhio Highway,INDIVIDUAL VACATION UNIT,2006
759658.3662,2312190.814,Maui,Banana Bungalow / Maui Hostel,310 North Market Street,HOSTEL,1990
453299.477,2418931.74,Kauai,Beachside Poipu Hale,2221B Kuai Road,INDIVIDUAL VACATION UNIT,1994
810558.7442,2301342.634,Maui,Hale Moana,141 Alalele Place,INDIVIDUAL VACATION UNIT,
813922.0024,2298128.198,Maui,Hana Beach Cottage,4975 Uakea Road,INDIVIDUAL VACATION UNIT,
813661.5379,2298555.932,Maui,Hana Beachfront Hale,140 Waikoloa Road,INDIVIDUAL VACATION UNIT,
810559.4939,2301348.723,Maui,Hana's Tradewind Cottages,143 Alalele Place,INDIVIDUAL VACATION UNIT,1990
431272.532,2427955.002,Kauai,Kokee Lodge,"Kokee State Park, Mile Marker 15",OTHER,1950
764783.4752,2296338.653,Maui,Hale Kai O Kihei,1310 Uluniu Road,INDIVIDUAL VACATION UNIT,1969
915036.5818,2186966.906,Hawaii,Arnott's Lodge And Hiking Adventures,98 Apapane Road,APARTMENT/ HOTEL,1990
742636.8671,2323377.966,Maui,Hale Napili,65 Hui Drive,CONDOMINIUM HOTEL,1960
742695.4671,2323355.981,Maui,Napili Village Hotel,5425 Lower Honoapiilani Road,CONDOMINIUM HOTEL,1965
759285.864,2301296.98,Maui,Maalaea Kai,70 Hauoli Street,INDIVIDUAL VACATION UNIT,1974
621000.0634,2353658.977,Oahu,Hale Koa Hotel,2055 Kalia Road,HOTEL,1975
741539.214,2309749.44,Maui,Best Western Pioneer Inn,658 Wharf Street,HOTEL,1901
772331.6971,2315060.635,Maui,The Paia Inn,93 Hana Highway,HOTEL,
741021.1372,2320138.727,Maui,Noelani Condominium Resort (Estimate),4095 Lower Honoapiilani Road,CONDOMINIUM HOTEL,1976
817210.2327,2170741.257,Hawaii,Banyan Tree Condominium,76-6268 Alii Drive,INDIVIDUAL VACATION UNIT,1978
818181.4299,2168058.91,Hawaii,Kahaluu Reef,78-6665 Alii Drive,INDIVIDUAL VACATION UNIT,
816034.8846,2172892.877,Hawaii,Lunapule Kona,75-123 Lunapule Road,INDIVIDUAL VACATION UNIT,
816238.2711,2172426.898,Hawaii,Kona Sea Ridge,75-6009 Alii Drive,INDIVIDUAL VACATION UNIT,
815768.939,2174016.004,Hawaii,Kona Alii,75-5782 Kuakini Highway,INDIVIDUAL VACATION UNIT,1974
817129.7883,2170906.861,Hawaii,My Hawaii Hostel,76-6241 Ali'i Drive #5,HOSTEL,
817392.7868,2170494.48,Hawaii,Kona Palms,77-6311 Alii Drive,INDIVIDUAL VACATION UNIT,
816260.7041,2172323.637,Hawaii,Alii Villas,75-6016 Alii Drive,INDIVIDUAL VACATION UNIT,1973
816461.6054,2171844.089,Hawaii,Casa de Emdeko,75-6082 Alii Drive,INDIVIDUAL VACATION UNIT,1970
826476.1042,2206270.258,Hawaii,Halii Kai at Waikoloa,69-1033 Nawahine Place,INDIVIDUAL VACATION UNIT,2007
622058.522,2353469.865,Oahu,Aqua Aloha Surf Waikiki,444 Kanekapolei Street,CONDOMINIUM HOTEL,1968
621442.3761,2353680.029,Oahu,Aqua Oasis,320 Lewers Street,HOTEL,1960
620694.6472,2354113.338,Oahu,Aqua Palms Waikiki,1850 Ala Moana Boulevard,CONDOMINIUM HOTEL,1968
621791.5633,2353726.264,Oahu,Aqua Skyline at Island Colony,445 Seaside Avenue,HOTEL,1978
622282.2257,2352799.578,Oahu,Ewa Hotel Waikiki,2555 Cartwright Road,HOTEL,1970
598266.6774,2359334.548,Oahu,Hampton Inn & Suites Oahu/Kapolei,91-5431 Kapolei Pkwy,HOTEL,2016
620491.8234,2354134.942,Oahu,Ilikai Hotel & Luxury Suites,1777 Ala Moana Boulevard,CONDOMINIUM HOTEL,1964
621134.7869,2353982.618,Oahu,Luana Waikiki Hotel & Suites,2045 Kalakaua Avenue,CONDOMINIUM HOTEL,1970
620338.8775,2355302.522,Oahu,Pagoda Hotel,1525 Rycroft Street,HOTEL,1964
618118.7365,2356823.91,Oahu,Aston at the Executive Centre Hotel,1088 Bishop Street,CONDOMINIUM HOTEL,1992
621936.102,2353042.217,Oahu,Espacio The Jewel of Waikiki,2452 Kalakaua Avenue,HOTEL,2019
464994.7275,2434026.637,Kauai,Wyndham Kauai Beach Villas,4330 Kauai Beach Drive,TIMESHARE,1979
816111.0655,2172740.14,Hawaii,Wyndham Kona Hawaiian Village,75-5961 Alii Drive,TIMESHARE,2001
450071.2676,2456996.822,Kauai,Makai Club & Makai Club Cottages,4180 Lei O Papa Road,TIMESHARE,1978
816312.9892,2172176.208,Hawaii,Wyndham Royal Sea Cliff,75-6040 Alii Drive,TIMESHARE,1982
451124.2057,2458009.943,Kauai,Wyndham Shearwater,3730 Kamehameha Road,TIMESHARE,1995
450398.6602,2458005.402,Kauai,The Cliffs at Princeville,3811 Edwards Road,TIMESHARE,1979
450794.9062,2419824.887,Kauai,Lawai Beach Resort,5017 Lawai Road,TIMESHARE,1981
620491.8234,2354134.942,Oahu,Ilikai Apartments,1777 Ala Moana Boulevard,INDIVIDUAL VACATION UNIT,1964
465155.451,2436731.083,Kauai,Kaha Lani Resort,4460 Nehe Road,INDIVIDUAL VACATION UNIT,1977
764767.6687,2297335.78,Maui,Leinaala,998 South Kihei Road,INDIVIDUAL VACATION UNIT,1975
764742.6092,2297472.239,Maui,Luana Kai,940 South Kihei Road,INDIVIDUAL VACATION UNIT,1979
725548.3166,2330578.045,Molokai,Molokai Shores,"Kamehameha Highway, Star Route",INDIVIDUAL VACATION UNIT,1977
742648.3196,2323661.541,Maui,Napili Kai Beach Resort,5900 Lower Honoapiilani Road,CONDOMINIUM HOTEL,1962
766759.5201,2290888.551,Maui,Palms at Wailea,3200 Wailea Alanui Drive,CONDOMINIUM HOTEL,1991
466227.5435,2438985.582,Kauai,Plantation Hale,525 Aleka Loop,INDIVIDUAL VACATION UNIT,1973
740882.536,2319665.914,Maui,Kuleana Resort,3959 Lower Honoapiilani Road,TIMESHARE,1973
740882.536,2319665.914,Maui,Kuleana Resort,3959 Lower Honoapiilani Road,CONDOMINIUM HOTEL,1973
740882.536,2319665.914,Maui,Kuleana Resort,3959 Lower Honoapiilani Road,INDIVIDUAL VACATION UNIT,1973
465908.9952,2438795.853,Kauai,17 Palms Kauai,414 Wailua Kai Street,INDIVIDUAL VACATION UNIT,2003
767275.7214,2289445.036,Maui,Wailea Ekolu Village,10 Wailea Ekolu Place,INDIVIDUAL VACATION UNIT,1979
766598.4266,2289949.954,Maui,Wailea Elua,3600 Wailea Alanui Drive,CONDOMINIUM HOTEL,1978
766589.8728,2288667.529,Maui,Wailea Point Village,4000 Wailea Alanui Drive,INDIVIDUAL VACATION UNIT,1987
451490.7345,2419641.623,Kauai,Whaler's Cove at Poipu,2640 Puuholo Road,CONDOMINIUM HOTEL,1993
767710.1659,2291220.945,Maui,Hale Manu Mele,3230 Kehala Dr 5k,BED & BREAKFAST,
813081.9068,2292835.471,Maui,Hana Aloha Hale,6820 Hana Hy,BED & BREAKFAST,1997
463506.6921,2428896.14,Kauai,Marriott's Kauai Beach Club,3610 Rice Street,TIMESHARE,1987
463506.6921,2428896.14,Kauai,Kauai Marriott Resort,3610 Rice Street,HOTEL,1987
464531.7177,2428689.19,Kauai,Marriott's Kauai Lagoons Kalanipu‘u,3325 Holokawelu Way,TIMESHARE,2010
591285.6842,2359135.529,Oahu,Marriott's Ko Olina Beach Club,92-161 Waipahe Place,TIMESHARE,2003
739752.571,2314733.514,Maui,Marriott's Maui Ocean Club,100 Nohea Kai Drive,TIMESHARE,1982
739752.571,2314733.514,Maui,Marriott's Maui Ocean Club Sequel,100 Nohea Kai Drive,TIMESHARE,1982
452562.1193,2419439.469,Kauai,Marriott's Waiohai Beach Club,2249 Poipu Road,TIMESHARE,2003
826271.2745,2205299.635,Hawaii,Waikoloa Beach Marriott Resort & Spa,69-275 Waikoloa Beach Drive,HOTEL,1981
826271.2745,2205299.635,Hawaii,Marriott's Waikoloa Ocean Club,69-275 Waikoloa Beach Drive,TIMESHARE,1981
451706.4662,2457465.533,Kauai,Westin Princeville Ocean Resort Villas,3838 Wyllie Road,TIMESHARE,2008
740117.1383,2316812.791,Maui,Westin Kaanapali Ocean Resort Villas,6 Kai Ala Drive,TIMESHARE,2005
740245.6735,2317552.496,Maui,Westin Nanea Ocean Villas,45 Kai Malina Pkwy,TIMESHARE,2017
620595.1438,2353845.13,Oahu,Hilton Grand Waikikian Vacation Suites,2005 Kalia Road,TIMESHARE,2001
621343.5748,2353592.619,Oahu,Hokulani Waikiki by Hilton Grand Vacations,2181 Kalakaua Avenue,TIMESHARE,2013
620595.1438,2353845.13,Oahu,Hilton Hawaiian Village Kalia Tower,2005 Kalia Road,TIMESHARE,2001
465654.5956,2438588.588,Kauai,Hale Awapuhi,366 Papaloa Road,INDIVIDUAL VACATION UNIT,1989
465708.4226,2438618.355,Kauai,Kapaa Sands,380 Papaloa Road,INDIVIDUAL VACATION UNIT,1968
816963.7229,2171077.344,Hawaii,Kona Nalu,76-6212 Alii Drive,INDIVIDUAL VACATION UNIT,1980
816584.6953,2171605.671,Hawaii,Kona Riviera,75-6124 Alii Drive,INDIVIDUAL VACATION UNIT,1970
916546.3125,2186791.165,Hawaii,MaunaLoa Shores,1875 Kalanianaole Avenue,INDIVIDUAL VACATION UNIT,
451704.041,2457458.201,Kauai,Puamana,3880 Wyllie Road,INDIVIDUAL VACATION UNIT,1985
816228.0798,2172448.427,Hawaii,Sea Village,75-6002 Alii Drive,TIMESHARE,1975
827422.1614,2206782.037,Hawaii,Golf Villas at Mauna Lani,68-1122 Na Ala Hele Road,INDIVIDUAL VACATION UNIT,2007
816228.0798,2172448.427,Hawaii,Sea Village,75-6002 Alii Drive,INDIVIDUAL VACATION UNIT,1975
837302.3659,2115049.495,Hawaii,A Beautiful Edge of the World B&B,PO Box 888,BED & BREAKFAST,1999
765219.7077,2298423.584,Maui,A Piece Of Paradise,201 Hoopili Akau St,BED & BREAKFAST,2015
779524.2982,2313887.834,Maui,Aloha Hookipa Bayview Cottage,1250 Kauhikoa Road,BED & BREAKFAST,2001
767996.5959,2290246.099,Maui,Auntie Kali's Cottage,530 Kumulani Dr 5k,BED & BREAKFAST,2013
631422.0822,2366162.426,Oahu,Finn's Bed & Breakfast,226 Pouli Road,BED & BREAKFAST,1985
761802.4601,2313250.542,Maui,Hale Anuhea Kai,679 Pio Dr 4O,BED & BREAKFAST,2019
778994.8153,2298949.99,Maui,Halekalani,505 Kamehameiki Road,BED & BREAKFAST,2015
779109.062,2301122.515,Maui,Hale Kiana,116 Mano Dr,BED & BREAKFAST,2016
765157.0876,2297847.21,Maui,Hibiscus Hideaway,11 Waikalani Hema Pl,BED & BREAKFAST,
776131.613,2311849.409,Maui,Lumeria Maui,1813 Baldwin Avenue,OTHER,
829200.3897,2223211.482,Hawaii,Makai Hale Bed & Breakfast,59-411 Pupu Place,BED & BREAKFAST,1991
765759.1111,2294281.266,Maui,Maui Garden Cottage,117 Auhana Road,BED & BREAKFAST,2010
782487.5688,2315289.069,Maui,Maui Tradewinds,4320 Une Place,BED & BREAKFAST,1998
780819.181,2315803.232,Maui,Peahi Point B&B,300 Hahana Rd 7g,BED & BREAKFAST,
740991.6592,2312592.736,Maui,The Guest House,1620 Ainakea Road,BED & BREAKFAST,1985
782400.5385,2315868.188,Maui,Tranquil Palms B&B,4356 Opana Pl,BED & BREAKFAST,
767514.3005,2291207.955,Maui,Victorian Villa,452 Kupulau Dr,BED & BREAKFAST,2016
767738.744,2290406.181,Maui,Rainbow Deluxe,460 Hoala Dr,BED & BREAKFAST,2011
620595.1438,2353845.13,Oahu,Hilton Hawaiian Village Lagoon Tower,2005 Kalia Road,TIMESHARE,2001
828111.5093,2206286.56,Hawaii,Kings' Land by Hilton Grand Vacations,69-699 Waikoloa Beach Drive,TIMESHARE,2008
827002.161,2205949.657,Hawaii,Kohala Suites by Hilton Grand Vacations,69-550 Waikoloa Beach Drive,TIMESHARE,2005
826007.5589,2206129.089,Hawaii,The Bay Club at Waikoloa Beach Resort,69-450 Waikoloa Beach Drive,TIMESHARE,1991
620803.1969,2353869.579,Oahu,The Grand Islander by Hilton Grand Vacations,2023 Kalia Road,TIMESHARE,2017
825993.5146,2206148.34,Hawaii,Ocean Tower by Hilton Grand Vacations,69-425 Waikoloa Beach Drive,TIMESHARE,1988
825993.5146,2206148.34,Hawaii,Hilton Waikoloa Village,69-425 Waikoloa Beach Drive,HOTEL,1988
621326.6142,2353393.667,Oahu,Waikiki Parc Hotel,2233 Helumoa Road,HOTEL,1987
620331.9853,2354198.635,Oahu,Prince Waikiki,100 Holomoana Street,HOTEL,1990
832519.0443,2214100.47,Hawaii,The Westin Hapuna Beach Resort,62-100 Kaunaoa Beach Drive,HOTEL,1994
832237.1432,2215507.546,Hawaii,"Mauna Kea Beach Hotel, Autograph Collection",62-100 Mauna Kea Beach Drive,HOTEL,1965
581632.9565,2373514.013,Oahu,Hawaiian Princess at Makaha Beach,84-1021 Lahilahi Street,TIMESHARE,1980
741182.1989,2320434.48,Maui,Kahana Falls Resorts,4260 Lower Honoapiilani Road,TIMESHARE,1992
764755.8857,2297402.732,Maui,Maui Schooner Resort,980 South Kihei Road,TIMESHARE,1990
621107.8185,2353481.452,Oahu,Waikiki Shore by Outrigger,2161 Kalia Road,CONDOMINIUM HOTEL,1960
740166.0958,2315717.854,Maui,Maui Eldorado Kaanapali by Outrigger,2661 Kekaa Drive,CONDOMINIUM HOTEL,1969
741809.2064,2309925.594,Maui,Aina Nalu Lahaina By Outrigger,660 Wainee Street,CONDOMINIUM HOTEL,1975
818441.3939,2166200.072,Hawaii,Kanaloa at Kona by Outrigger,78-261 Manukai Street,CONDOMINIUM HOTEL,1980
452529.4232,2419453.675,Kauai,Kiahuna Plantation Resort Kauai by Outrigger,2253 Poipu Road,CONDOMINIUM HOTEL,1972
742545.2343,2323075.054,Maui,Napili Shores Maui by Outrigger,5315 Lower Honoapiilani Road,CONDOMINIUM HOTEL,1972
621270.5632,2353594.856,Oahu,Regency on Beachwalk Waikiki By Outrigger,255 Beach Walk,CONDOMINIUM HOTEL,1961
743620.1221,2324266.284,Maui,The Kapalua Villas Maui,500 Office Road,CONDOMINIUM HOTEL,1975
741343.4212,2320815.968,Maui,Royal Kahana Maui by Outrigger,4365 Lower Honoapiilani Road,CONDOMINIUM HOTEL,1975
826546.1605,2205465.69,Hawaii,Fairway Villas Waikoloa by Outrigger,69-200 Pohakulana Place,CONDOMINIUM HOTEL,2004
826387.0969,2205192.414,Hawaii,Kohala Coast Vacation Rentals by Outrigger,69-250 Waikoloa Beach Dr Ste B13,CONDOMINIUM HOTEL,
766759.5201,2290888.551,Maui,Palms at Wailea Maui by Outrigger,3200 Wailea Alanui Drive,CONDOMINIUM HOTEL,1991
466894.866,2439652.465,Kauai,Waipouli Beach Resort & Spa Kauai by Outrigger,4-820 Kuhio Highway,CONDOMINIUM HOTEL,2006
465865.4965,2438705.895,Kauai,Lae Nani Resort Kauai by Outrigger,410 Papaloa Road,CONDOMINIUM HOTEL,1977
740187.7257,2317924.877,Maui,Honua Kai Resort & Spa,130 Kai Malina Pkwy,CONDOMINIUM HOTEL,2009
612678.8052,2359792.318,Oahu,Best Western The Plaza Hotel,3253 North Nimitz Highway,HOTEL,1963
621174.42,2353484.072,Oahu,Embassy Suites by Hilton™ - Waikiki Beach Walk,201 Beach Walk,HOTEL,2006
621646.6555,2353395.608,Oahu,Waikiki Beachcomber by Outrigger,2300 Kalakaua Avenue,HOTEL,1970
612282.3645,2359854.006,Oahu,Airport Honolulu Hotel,3401 North Nimitz Highway,HOTEL,1965
621914.3548,2353319.44,Oahu,OHANA Waikiki East by Outrigger,150 Kaiulani Avenue,HOTEL,1972
621565.102,2353713.961,Oahu,OHANA Waikiki Malia by Outrigger,2211 Kuhio Avenue,HOTEL,1984
621137.096,2353454.24,Oahu,Outrigger Reef Waikiki Beach Resort,2169 Kalia Road,HOTEL,1955
621669.6816,2353312.796,Oahu,Outrigger Waikiki Beach Resort,2335 Kalakaua Avenue,HOTEL,1967
816312.9892,2172176.208,Hawaii,Royal Sea Cliff Kona by Outrigger,75-6040 Alii Drive,CONDOMINIUM HOTEL,1982
909915.1611,2186265.882,Hawaii,Dolphin Bay Hotel,333 Iliahi Street,HOTEL,1968
896246.5999,2152723.006,Hawaii,Aloha Crater Lodge,11-3966 Lanihuli Road,BED & BREAKFAST,2007
622353.6542,2351763.88,Oahu,The New Otani at Kaimana Beach Hotel,2863 Kalakaua Avenue,HOTEL,1964
912718.5489,2186123.28,Hawaii,Reeds Bay Resort Hotel,175 Banyan Drive,,1984
621846.5114,2353644.981,Oahu,Ilima Hotel,445 Nohonani Street,HOTEL,1968
467499.5762,2441579.808,Kauai,Hotel Coral Reef,4-1516 Kuhio Highway,HOTEL,1955
590759.1796,2360074.814,Oahu,Four Seasons Resort Oahu at Ko Olina,92-1001 Olani Street,HOTEL,1993
775259.4658,2305910.787,Maui,Hale Aku,2704 Ililani Way,BED & BREAKFAST,
909415.835,2185054.337,Hawaii,Hilo Honu Inn LLC,465 Haili Street,BED & BREAKFAST,2006
905048.7127,2185622.032,Hawaii,Inn at Kulaniapia Falls,100 Kulaniapia Drive,BED & BREAKFAST,1998
828287.6624,2150728.833,Hawaii,Kane Plantation Guesthouse,84-1120 Telephone Exchange Road,BED & BREAKFAST,2013
895883.3263,2152785.3,Hawaii,Kilauea Lodge & Restaurant,19-3948 Old Volcano Road,HOTEL,1988
773890.5668,2316588.817,Maui,Mama's Fish House Restaurant And Inn,799 Poho Place,HOTEL,1973
451600.3363,2419778.493,Kauai,Poipu Bed & Breakfast Inn,2720 Hoonani Road,BED & BREAKFAST,1988
603573.603,2400527.182,Oahu,Turtle Bay Resort,57-091 Kamehameha Highway,HOTEL,1972
825731.4293,2154943.884,Hawaii,Kona Bayview Inn,83-5605 Middle Keei Road,BED & BREAKFAST,1999
773282.4852,2315787.225,Maui,Maui By the Sea,523 Hana Highway,INDIVIDUAL VACATION UNIT,2000
768267.8558,2290238.434,Maui,Maui Joy Villa,620 Kumulani Dr,BED & BREAKFAST,
583370.6817,2386665.357,Oahu,Owen's Retreat,68-945 Farrington Highway,INDIVIDUAL VACATION UNIT,1963
895620.3029,2152583.297,Hawaii,Volcano Places,P.O. Box 159,INDIVIDUAL VACATION UNIT,1997
895350.6614,2152996.42,Hawaii,Hale Kilauea,19-3996 Kilauea Road,BED & BREAKFAST,1988
816197.2626,2194777.028,Hawaii,Kahikole VRU,72-208 Kahikole St,INDIVIDUAL VACATION UNIT,
815668.4904,2193579.016,Hawaii,Hainoa Place VRU,72-130 Hainoa Pl,INDIVIDUAL VACATION UNIT,
815169.247,2194194.061,Hawaii,Ke Alaula VRU,72-156 Ke Alaula St,INDIVIDUAL VACATION UNIT,
817651.2117,2171167.19,Hawaii,Kulanakauhale VRU,72-3557 Kulanakauhale Pl,INDIVIDUAL VACATION UNIT,
817651.2117,2171167.19,Hawaii,Puukole St VRU,72-127 Puukole St,INDIVIDUAL VACATION UNIT,
815517.9297,2193822.559,Hawaii,Laueki St VRU,72-134 Laueki St,INDIVIDUAL VACATION UNIT,
815303.183,2194231.378,Hawaii,Ke Alaula Hale,72-136 Ke Alaula St,INDIVIDUAL VACATION UNIT,
814909.5472,2194914.69,Hawaii,Kumukehu VRU,72-160 Kumukehu St,INDIVIDUAL VACATION UNIT,
817651.2117,2171167.19,Hawaii,Pukapa VRU,72-1237 Pukapa St,INDIVIDUAL VACATION UNIT,
780654.1713,2313113.783,Maui,Bamboo Valley Inn,1444 West Kuiaha Road,BED & BREAKFAST,
741104.1377,2310432.35,Maui,Alexandra's at Front Street,972 Front Street,INDIVIDUAL VACATION UNIT,
741015.0547,2310536.942,Maui,Lahaina Oceanfront Estates,1023 Front St 3C,INDIVIDUAL VACATION UNIT,
740171.4388,2315709.919,Maui,No Ka Oi Hale Ocean Front,2580 Kekaa Drive #118,INDIVIDUAL VACATION UNIT,
740171.4388,2315709.919,Maui,Okika Hale,2580 Kekaa Drive #118,INDIVIDUAL VACATION UNIT,
741056.8645,2312766.731,Maui,Maui Garden Oasis,67 Kaniau Road,BED & BREAKFAST,1992
773547.7444,2316003.76,Maui,Kuau Ko,616 Hana Hwy,BED & BREAKFAST,2019
766780.7528,2291676.536,Maui,Relax and Rewind,221 Mahie Pl 5g,BED & BREAKFAST,2019
780028.6196,2299565.996,Maui,Kula Treat,226 Kulalani Dr,BED & BREAKFAST,2014
778419.6682,2314669.428,Maui,Haiku Guesthouse,905 Kokomo Road,BED & BREAKFAST,2013
778640.4913,2314291.048,Maui,Maile Bungalow,2582 Alohia Place,BED & BREAKFAST,2009
778468.7923,2315815.901,Maui,Hookipa Rose,285 Pauwela Road,BED & BREAKFAST,
789436.0533,2314204.872,Maui,Kahua O Mali'o,610 Huelo Rd,BED & BREAKFAST,2003
779918.8188,2307865.706,Maui,La Casita,1094 Pookela Rd,BED & BREAKFAST,
765014.6893,2294888.957,Maui,Hale Hai Hai,71 Waimahaihai St,BED & BREAKFAST,2019
766637.6717,2293001.718,Maui,Scott's B&B,92 Iliwai Loop,BED & BREAKFAST,
766679.8403,2292121.021,Maui,Kauhale Breeze,2812 Kauhale St 5g,BED & BREAKFAST,
767858.4778,2290253.944,Maui,Maui Meadows Retreat,485 Kumulani Dr 5k,BED & BREAKFAST,2016
745592.0152,2307286.435,Maui,Hooilo House,138 Awaiku Street,BED & BREAKFAST,2003
906508.3999,2184767.148,Hawaii,Old Hawaiian Bed & Breakfast,1492 Wailuku Drive,BED & BREAKFAST,2001
465931.0016,2438755.008,Kauai,Kauai Shores Hotel,420 Papaloa Road,CONDOMINIUM HOTEL,1970
870320.9773,2223352.612,Hawaii,Waipio Wayside Bed & Breakfast Inn,P.O. Box 840,BED & BREAKFAST,1988
609387.1279,2364710.426,Oahu,Harbor Shores Apartment Hotel,98-145 Lipoa Place,CONDOMINIUM HOTEL,1965
740694.0905,2319110.02,Maui,Kulakane Condominiums,3741 Lower Honoapiilani Road,CONDOMINIUM HOTEL,1970
465564.0584,2438523.647,Kauai,Wailua Bay View Resort,320 Papaloa Road,INDIVIDUAL VACATION UNIT,1972
916686.4337,2186754.457,Hawaii,Maureen's Bed & Breakfast,1896 Kalanianaole Street,BED & BREAKFAST,1990
826436.8469,2205167.01,Hawaii,Waikoloa Beach Villas,69-180 Waikoloa Beach Drive,INDIVIDUAL VACATION UNIT,2007
815300.8671,2174315.392,Hawaii,Kona Plaza,75-5719 Alii Drive,INDIVIDUAL VACATION UNIT,1973
769570.2242,2314301.079,Maui,Sugar Cove Condominium,320 Paani Place,INDIVIDUAL VACATION UNIT,1977
620422.5919,2354216.738,Oahu,Ilikai Marina,1765 Ala Moana Boulevard,INDIVIDUAL VACATION UNIT,1968
766048.8885,2292571.834,Maui,Haleakala Shores,2619 South Kihei Road,INDIVIDUAL VACATION UNIT,1975
766048.8885,2292571.834,Maui,Haleakala Shores (Estimate),2619 South Kihei Road,INDIVIDUAL VACATION UNIT,1975
759436.3589,2301463.914,Maui,Island Sands Resort (Estimate),150 Hauoli Street,INDIVIDUAL VACATION UNIT,1975
759436.3589,2301463.914,Maui,Island Sands Resort,150 Hauoli Street,INDIVIDUAL VACATION UNIT,1975
765837.3776,2293992.181,Maui,Kalama Terrace,35 Walaka Street,INDIVIDUAL VACATION UNIT,
759436.3589,2301463.914,Maui,Island Sands Resort,150 Hauoli Street,INDIVIDUAL VACATION UNIT,1975
766084.2269,2292406.438,Maui,Kamaole Sands,2695 South Kihei Road,INDIVIDUAL VACATION UNIT,1983
766084.2269,2292406.438,Maui,Kamaole Sands (Estimate),2695 South Kihei Road,CONDOMINIUM HOTEL,1983
766084.2269,2292406.438,Maui,Kamaole Sands (Estimate),2695 South Kihei Road,INDIVIDUAL VACATION UNIT,1983
759710.1396,2301662.191,Maui,Kanai A Nalu,250 Hauoli Street,INDIVIDUAL VACATION UNIT,1976
764715.0806,2297622.052,Maui,Kauhale Makai,938 South Kihei Road,INDIVIDUAL VACATION UNIT,1978
764715.0806,2297622.052,Maui,Royal Aloha Maui Village By The Sea,938 South Kihei Road,TIMESHARE,1978
764715.0806,2297622.052,Maui,Kauhale Makai (Estimate),938 South Kihei Road,INDIVIDUAL VACATION UNIT,1978
765985.1146,2292867.33,Maui,Kihei Akahi,2531 South Kihei Road,INDIVIDUAL VACATION UNIT,1977
766128.5579,2293286.796,Maui,Kihei Alii Kai,2387 South Kihei Road,INDIVIDUAL VACATION UNIT,1979
766128.5579,2293286.796,Maui,Kihei Alii Kai (Estimate),2387 South Kihei Road,INDIVIDUAL VACATION UNIT,1979
764640.3722,2298112.88,Maui,Kihei Bay Surf,715 South Kihei Road,INDIVIDUAL VACATION UNIT,2002
764640.3722,2298112.88,Maui,Kihei Bay Surf (Estimate),715 South Kihei Road,INDIVIDUAL VACATION UNIT,2002
764522.0643,2298860.311,Maui,Kihei Holiday,483 South Kihei Road,INDIVIDUAL VACATION UNIT,1979
765969.5312,2292934.603,Maui,Kihei Kai Nani,2495 South Kihei Road,INDIVIDUAL VACATION UNIT,1973
766120.1986,2291646.319,Maui,Kihei Surfside,2936 South Kihei Road,INDIVIDUAL VACATION UNIT,1976
766120.1986,2291646.319,Maui,Kihei Surfside (Estimate),2936 South Kihei Road,INDIVIDUAL VACATION UNIT,1976
764767.6687,2297335.78,Maui,Leinaala,998 South Kihei Road,INDIVIDUAL VACATION UNIT,1975
766118.3289,2291579.443,Maui,Mana Kai Resort,2960 South Kihei Road,INDIVIDUAL VACATION UNIT,1973
766118.3289,2291579.443,Maui,Mana Kai Resort (Estimate),2960 South Kihei Road,INDIVIDUAL VACATION UNIT,1973
765992.8951,2292828.041,Maui,Maui Banyan,2575 South Kihei Road,INDIVIDUAL VACATION UNIT,1990
766141.6237,2291993.392,Maui,Maui Kamaole,2777 South Kihei Road,INDIVIDUAL VACATION UNIT,1989
766141.6237,2291993.392,Maui,Maui Kamaole,2777 South Kihei Road,INDIVIDUAL VACATION UNIT,1989
764780.0948,2297272.813,Maui,Maui Sunset,1032 South Kihei Road,INDIVIDUAL VACATION UNIT,1976
764780.0948,2297272.813,Maui,Maui Sunset (Estimate),1032 South Kihei Road,TIMESHARE,1976
764780.0948,2297272.813,Maui,Maui Sunset (Estimate),1032 South Kihei Road,INDIVIDUAL VACATION UNIT,1976
765748.2118,2293920.566,Maui,Maui Vista Resort,2191 South Kihei Road,INDIVIDUAL VACATION UNIT,1979
765748.2118,2293920.566,Maui,Maui Vista Resort (Estimate),2191 South Kihei Road,INDIVIDUAL VACATION UNIT,1979
764646.5918,2298009.869,Maui,Menehune Shores,760 South Kihei Road,INDIVIDUAL VACATION UNIT,1976
765788.5973,2293759.443,Maui,Pacific Shores,2219 South Kihei Road,INDIVIDUAL VACATION UNIT,
765907.4174,2293182.143,Maui,Royal Mauian,2430 South Kihei Road,INDIVIDUAL VACATION UNIT,1973
765907.4174,2293182.143,Maui,Royal Mauian (Estimate),2430 South Kihei Road,INDIVIDUAL VACATION UNIT,1973
764629.3299,2298713.157,Maui,Wailana Sands,25 Wailana Place,INDIVIDUAL VACATION UNIT,1980
766761.1311,2290626.212,Maui,Wailea Ekahi,3300 Wailea Alanui Drive,INDIVIDUAL VACATION UNIT,1978
742632.3582,2323186.733,Maui,One Napili Way (Estimate),5355 Lower Honoapiilani Road,TIMESHARE,1992
766761.1311,2290626.212,Maui,Wailea Ekahi,3300 Wailea Alanui Drive,INDIVIDUAL VACATION UNIT,1978
767275.7214,2289445.036,Maui,Wailea Ekolu,10 Wailea Ekolu Place,INDIVIDUAL VACATION UNIT,1979
833100.658,2214436.689,Hawaii,Mauna Kea High Bluffs Private Home,High Bluffs Private Home,INDIVIDUAL VACATION UNIT,
829126.014,2208814.755,Hawaii,Mauna Lani Fairways,68-1125 North Kaniku Drive,INDIVIDUAL VACATION UNIT,2006
829126.014,2208814.755,Hawaii,Mauna Lani Fairways,68-1125 North Kaniku Drive,INDIVIDUAL VACATION UNIT,2006
826436.8469,2205167.01,Hawaii,Waikoloa Beach Villas,69-180 Waikoloa Beach Drive,INDIVIDUAL VACATION UNIT,2007
829097.157,2208078.406,Hawaii,Villages at Mauna Lani,68-1025 North Kaniku Drive,INDIVIDUAL VACATION UNIT,
827012.8328,2205963.252,Hawaii,Waikoloa Colony Villas,69-555 Waikoloa Beach Drive,INDIVIDUAL VACATION UNIT,2003
827012.8328,2205963.252,Hawaii,Waikoloa Colony Villas (Estimate),69-555 Waikoloa Beach Drive,INDIVIDUAL VACATION UNIT,2003
826476.1042,2206270.258,Hawaii,Halii Kai at Waikoloa,69-1033 Nawahine Place,INDIVIDUAL VACATION UNIT,2007
825820.9819,2205458.016,Hawaii,Kolea Condominium,69-1000 Kolea Kai Circle,INDIVIDUAL VACATION UNIT,2006
622055.0924,2353223.972,Oahu,Vive Hotel Waikiki (Estimate),2426 Kuhio Avenue,HOTEL,1979
622055.0924,2353223.972,Oahu,Vive Hotel Waikiki (Estimate),2426 Kuhio Avenue,HOTEL,1979
628145.5837,2372699.152,Oahu,The Lodge at Kaneohe Bay (Estimate),MCB Hawaii Building 6534,HOTEL,
628145.5837,2372699.152,Oahu,The Cottages at Kaneohe Bay (Estimate),MCB Hawaii Building 6534,OTHER,
628145.5837,2372699.152,Oahu,The Klipper Villas at Kaneohe Bay (Estimate),MCB Hawaii Building 6534,OTHER,
628145.5837,2372699.152,Oahu,The Cabanas at Kaneohe Bay (Estimate),MCB Hawaii Building 6534,OTHER,
615242.3392,2362486.4,Oahu,Tripler Army Hotel,Tripler Army Medical Center Bldg 228B,HOTEL,
620647.5647,2354144.405,Oahu,Ramada Plaza Waikiki (Estimate),1830 Ala Moana Boulevard,HOTEL,1969
620647.5647,2354144.405,Oahu,Ramada Plaza Waikiki (Estimate),1830 Ala Moana Boulevard,HOTEL,1969
598301.8263,2376790.14,Oahu,Inn at Schofield Barracks,563 Kolekole Avenue,HOTEL,1994
608381.7707,2360173.537,Oahu,Royal Alakai Inn (Estimate),15 G Street Building 1153,HOTEL,
621599.5771,2353573.596,Oahu,"Shoreline Hotel Waikiki, a Joie de Vivre Hotel",342 Seaside Avenue,HOTEL,
633785.3741,2361636.129,Oahu,Bellows Air Force Station (Estimate),220 Tinker Road,OTHER,
766115.8709,2291520.101,Maui,Days Inn Maui Oceanfront Kihei (Estimate),2980 South Kihei Road,HOTEL,1972
621639.2864,2353865.046,Oahu,"Coconut Waikiki Hotel, a Joie de Vivre Hotel",450 Lewers Street,HOTEL,1963
621639.2864,2353865.046,Oahu,"Coconut Waikiki Hotel, a Joie de Vivre Hotel",450 Lewers Street,HOTEL,1963
851508.6698,2109130.018,Hawaii,Kalaekilohana Inn & Retreat (Estimate),94-2152 South Point Road,OTHER,2005
620595.1438,2353845.13,Oahu,Hilton Hawaiian Village Beach Resort & Spa (Estimate),2005 Kalia Road,HOTEL,2001
740510.5726,2318544.599,Maui,Papakea Resort (Estimate),3543 Lower Honoapiilani Road,CONDOMINIUM HOTEL,1976
740187.7257,2317924.877,Maui,Honua Kai (Estimate),130 Kai Malina Pkwy,INDIVIDUAL VACATION UNIT,2009
590800.8471,2359949.827,Oahu,"Aulani, A Disney Resort & Spa (Estimate)",92-1185 Aliinui Drive,TIMESHARE,2011
583817.0078,2371858.917,Oahu,Pililaau Army Recreation Center (Estimate),"85-010 Army Street, Bldg. 4065",OTHER,
619954.7718,2355898.583,Oahu,The Plumeria,1111 Piikoi Street,HOSTEL,1985
620394.535,2354291.175,Oahu,"The Equus, an Ascend Hotel",1696 Ala Moana Boulevard,CONDOMINIUM HOTEL,1963
621306.7845,2353758.073,Oahu,The Polynesian Residences (Estimate),2131 Kalakaua Avenue,HOTEL,1972
910000.8281,2186247.712,Hawaii,Wild Ginger Inn Hotel And Hostel (Estimate),100 Puueo Street,HOTEL,1939
609295.0041,2364761.88,Oahu,Harbor Arms Apartment Hotel (Estimate),98-130 Lipoa Place,APARTMENT/ HOTEL,1965
856290.9052,2111000.413,Hawaii,Macadamia Meadows Farm B & B (Estimate),94-6263 Kamaoa Road,BED & BREAKFAST,1997
847748.4883,2217440.281,Hawaii,Kamuela Inn (Estimate),65-1300 Kawaihae Road,BED & BREAKFAST,1960
716600.6769,2305347.266,Lanai,"Sensei Lanai, A Four Seasons Resort (Estimate)",1 Keomoku Highway,HOTEL,1991
768571.7557,2290596.917,Maui,Eva Villa (Estimate),815 Kumulani Drive,BED & BREAKFAST,1993
777609.992,2310095.455,Maui,Gods Peace Of Maui (Estimate),1290 Haliimaile Road,BED & BREAKFAST,1995
633389.2993,2365270.653,Oahu,Hawaii's Hidden Hideaway Bed and Breakfast (Estimate),1369 Mokolea Drive,BED & BREAKFAST,1997
611743.9715,2366260.446,Oahu,Rainbow Inn (Estimate),98-1049 Mahola Place,BED & BREAKFAST,NA
631330.0765,2366199.327,Oahu,Kays Vacation Rentals (Estimate),232 Awakea Road,INDIVIDUAL VACATION UNIT,1987
831166.4331,2240878.742,Hawaii,Kohala Village Inn (Estimate),55-514 Hawi Road,HOTEL,1994
740077.952,2316316.454,Maui,Kaanapali Ocean Inn (Estimate),2780-A Kekaa Drive,HOTEL,1962
815809.9648,2173541.678,Hawaii,Royal Kona Resort (Estimate),75-5852 Alii Drive,HOTEL,1967
740077.952,2316316.454,Maui,Royal Lahaina Resort,2780 Kekaa Drive,HOTEL,1962
739763.5818,2314787.189,Maui,Kaanapali Alii Resort (Estimate),50 Nohea Kai Drive,CONDOMINIUM HOTEL,1982
895620.3029,2152583.297,Hawaii,Volcano Heritage Cottages,P.O. Box 235,INDIVIDUAL VACATION UNIT,
772705.7304,2314667.508,Maui,Hale Nihi B&B,5 Nihi Place 7A,BED & BREAKFAST,
817138.1058,2170874.102,Hawaii,Kona Bali Kai,76-6246 Alii Drive,INDIVIDUAL VACATION UNIT,1969
816503.8788,2171752.294,Hawaii,Kona Isle,75-6100 Alii Drive,INDIVIDUAL VACATION UNIT,1972
816280.7197,2172260.34,Hawaii,Kona Makai,75-6026 Alii Drive,INDIVIDUAL VACATION UNIT,1978
815970.8183,2173366.198,Hawaii,Kona Mansions,75-5873 Walua Road,INDIVIDUAL VACATION UNIT,1972
834071.7718,2214743.118,Hawaii,Kumulani at Mauna Kea,63-3610 Lolii Way,INDIVIDUAL VACATION UNIT,
836435.2813,2206786.684,Hawaii,Waikoloa Hills,68-3907 Paniolo Drive,INDIVIDUAL VACATION UNIT,
817754.5801,2169352.953,Hawaii,White Sands Village,77-6469 Alii Drive,INDIVIDUAL VACATION UNIT,1976
764629.3299,2298713.157,Maui,Wailana Sands,25 Wailana Place,INDIVIDUAL VACATION UNIT,1980
448978.7453,2457479.963,Kauai,Hale Moi,5301 Ka Haku Road,INDIVIDUAL VACATION UNIT,
451037.4576,2419764.403,Kauai,Prince Kuhio Resort,5061 Lawai Road,INDIVIDUAL VACATION UNIT,1960
450763.8342,2457498.859,Kauai,Sandpiper Village,4770 Pepelani Loop,INDIVIDUAL VACATION UNIT,1980
765969.5312,2292934.603,Maui,Kihei Kai Nani,2495 South Kihei Road,INDIVIDUAL VACATION UNIT,1973
742545.2343,2323075.054,Maui,Napili Shores (Estimate),5315 Lower Honoapiilani Road,INDIVIDUAL VACATION UNIT,1972
741343.4212,2320815.968,Maui,Royal Kahana (Estimate),4365 Lower Honoapiilani Road,INDIVIDUAL VACATION UNIT,1975
765561.1341,2294173.683,Maui,Shores of Maui (Estimate),2075 South Kihei Road,INDIVIDUAL VACATION UNIT,1976
739919.974,2315330.603,Maui,The Whaler on Kaanapali Beach,2481 Kaanapali Parkway,TIMESHARE,1975
739919.974,2315330.603,Maui,The Whaler on Kaanapali Beach,2481 Kaanapali Parkway,INDIVIDUAL VACATION UNIT,1975
442799.9201,2455376.895,Kauai,A River House,5121 Wainiha Powerhouse Road,INDIVIDUAL VACATION UNIT,
448768.1211,2455672.949,Kauai,Chung Cottage,4411 Aku Road,INDIVIDUAL VACATION UNIT,1970
443798.2867,2457315.344,Kauai,Haena Hale,5-7083 Kuhio Highway,INDIVIDUAL VACATION UNIT,
449999.2758,2457952.89,Kauai,Hale Anu Keanu,5072 Kamamalu Loop,INDIVIDUAL VACATION UNIT,
443316.7742,2457675.578,Kauai,Hale Hoku,7321 Alamoo Road,INDIVIDUAL VACATION UNIT,
448371.6797,2455284.235,Kauai,Hale Ka Mahina House of the Moon,4451 Mahimahi Road,INDIVIDUAL VACATION UNIT,
442869.6317,2457633.221,Kauai,Hale Kahakai,5-7444 East Kuhio Highway,INDIVIDUAL VACATION UNIT,
443650.9438,2457600.976,Kauai,Hale Kalani,7206 Ala Moo Road,INDIVIDUAL VACATION UNIT,1970
457985.7503,2455820.084,Kauai,Hale Kilo Ia,4401 Alamoo Road,INDIVIDUAL VACATION UNIT,
443304.6867,2457672.551,Kauai,Hale Koaniani,7304 Alealea Road,INDIVIDUAL VACATION UNIT,
448085.1635,2455242.089,Kauai,Hale Luana,5443 Weke Road,INDIVIDUAL VACATION UNIT,1988
448836.1888,2455740.889,Kauai,Hale Ola Kai,5117 Opelu Street,INDIVIDUAL VACATION UNIT,
448587.8397,2455534.483,Kauai,Ka Hale Lehua,5235 Weke Road,INDIVIDUAL VACATION UNIT,1989
448986.3616,2455536.286,Kauai,Kainoa,5112 Papio Place,INDIVIDUAL VACATION UNIT,
443262.0872,2456154.203,Kauai,Kuraoka Cottage,4807 Wainiha Powerhouse Road,INDIVIDUAL VACATION UNIT,1996
448777.8675,2455660.675,Kauai,Lokelani,4420 Aku Road,INDIVIDUAL VACATION UNIT,1996
448482.6602,2455360.912,Kauai,Malolo Cottage,4450 Malolo Road,INDIVIDUAL VACATION UNIT,
443790.0532,2456654.289,Kauai,Nohonani,4561 Wainiha Powerhouse Road,INDIVIDUAL VACATION UNIT,
448825.0451,2455637.092,Kauai,Ohana Hale,4432 Aku Road,INDIVIDUAL VACATION UNIT,1994
449439.0319,2457113.305,Kauai,OTA House,4201 Kekuanaoa Lane,INDIVIDUAL VACATION UNIT,
448664.9953,2455614.585,Kauai,Paulele,5191 Weke Road,INDIVIDUAL VACATION UNIT,
448822.5453,2456000.663,Kauai,Plantation Cottage - Hanalei,5039 Weke Road,INDIVIDUAL VACATION UNIT,
443527.1262,2457582.495,Kauai,Poinciana Place,7233 Alealea Road,INDIVIDUAL VACATION UNIT,
444017.119,2457056.547,Kauai,Rainbow's End,5-6947 Kuhio Highway,INDIVIDUAL VACATION UNIT,
445991.4555,2456504.116,Kauai,Riko Hale,5-7364A Kuhio Highway,INDIVIDUAL VACATION UNIT,
448531.4848,2455369.04,Kauai,Wailele Ikena,5270 Malolo Place,INDIVIDUAL VACATION UNIT,
448793.8194,2455915.126,Kauai,Wilikoki House,5072 Weke Road,INDIVIDUAL VACATION UNIT,2001
448986.3616,2455536.286,Kauai,Kainoa,5112 Papio Place,INDIVIDUAL VACATION UNIT,
449869.1271,2458106.324,Kauai,Punahele Point,3785 Punahele Road,INDIVIDUAL VACATION UNIT,
426325.7714,2429788.173,Kauai,PMRF Barking Sands (Estimate),1293 Tarter Drive Building 1293,INDIVIDUAL VACATION UNIT,
813712.5352,2297838.014,Maui,Hana-Maui- Resort,5031 Hana Highway,HOTEL,1996
813712.5352,2297838.014,Maui,Hana-Maui- Resort,5031 Hana Highway,HOTEL,1996
742496.7373,2323215.282,Maui,Napili Surf Beach Resort,50 Napili Place,CONDOMINIUM HOTEL,1970
742610.8956,2323313.915,Maui,Napili Sunset (Estimate),46 Hui Drive,CONDOMINIUM HOTEL,1975
741491.1258,2321297.435,Maui,Kahana Village (Estimate),4531 Lower Honoapiilani Road,CONDOMINIUM HOTEL,1979
826546.1605,2205465.69,Hawaii,Fairway Villas at Waikoloa,69-200 Pohakulana Place,INDIVIDUAL VACATION UNIT,2004
826546.1605,2205465.69,Hawaii,Fairway Villas at Waikoloa,69-200 Pohakulana Place,INDIVIDUAL VACATION UNIT,2004
826124.3483,2205808.575,Hawaii,Shores at Waikoloa (Estimate),69-1035 Keana Place,INDIVIDUAL VACATION UNIT,1987
826007.5589,2206129.089,Hawaii,The Bay Club at Waikoloa Beach Resort,69-450 Waikoloa Beach Drive,INDIVIDUAL VACATION UNIT,1991
827012.8328,2205963.252,Hawaii,Waikoloa Colony Villas,69-555 Waikoloa Beach Drive,INDIVIDUAL VACATION UNIT,2003
818441.3939,2166200.072,Hawaii,Kanaloa at Kona,78-261 Manukai Street,CONDOMINIUM HOTEL,1980
816312.9892,2172176.208,Hawaii,Royal Sea Cliff (Estimate),75-6040 Alii Drive,INDIVIDUAL VACATION UNIT,1982
889871.5245,2149062.728,Hawaii,Volcano House (Estimate),1 Crater Rim Drive,INDIVIDUAL VACATION UNIT,1941
454025.165,2419176.326,Kauai,Crestview House Lots (Estimate),1775 Poipu Road,INDIVIDUAL VACATION UNIT,1980
454025.165,2419176.326,Kauai,Lanai Villas Vacation Rentals (Estimate),1775 Poipu Road,INDIVIDUAL VACATION UNIT,1980
454025.165,2419176.326,Kauai,Bayview House lots (Estimate),1775 Poipu Road,INDIVIDUAL VACATION UNIT,1980
452529.4232,2419453.675,Kauai,Kiahuna Plantation (Estimate),2253 Poipu Road,INDIVIDUAL VACATION UNIT,1972
452529.4232,2419453.675,Kauai,Kiahuna Plantation,2253 Poipu Road,INDIVIDUAL VACATION UNIT,1972
450398.6602,2458005.402,Kauai,The Cliffs at Princeville (Estimate),3811 Edwards Road,TIMESHARE,1979
450398.6602,2458005.402,Kauai,The Cliffs at Princeville,3811 Edwards Road,INDIVIDUAL VACATION UNIT,1979
465865.4965,2438705.895,Kauai,Lae Nani,410 Papaloa Road,INDIVIDUAL VACATION UNIT,1977
741809.2064,2309925.594,Maui,Aina Nalu,660 Wainee Street,INDIVIDUAL VACATION UNIT,1975
740050.3272,2317979.03,Maui,Mahana,110 Kaanapali Shores Place,INDIVIDUAL VACATION UNIT,1974
740050.3272,2317979.03,Maui,Mahana at Kaanapali,110 Kaanapali Shores Place,INDIVIDUAL VACATION UNIT,1974
741809.2064,2309925.594,Maui,Aina Nalu,660 Wainee Street,INDIVIDUAL VACATION UNIT,1975
740797.1156,2319324.302,Maui,Hale Ono Loa,3823 Lower Honoapiilani Road,INDIVIDUAL VACATION UNIT,1971
741313.9141,2320906.263,Maui,Hololani,4401 Lower Honoapiilani Road,INDIVIDUAL VACATION UNIT,1973
739763.5818,2314787.189,Maui,Kaanapali Alii,50 Nohea Kai Drive,INDIVIDUAL VACATION UNIT,1982
740664.1522,2316607.545,Maui,Kaanapali Plantation,150 Puukolii Road,INDIVIDUAL VACATION UNIT,
740205.9762,2315412.205,Maui,Kaanapali Royal,2560 Kekaa Drive,INDIVIDUAL VACATION UNIT,1979
741372.1118,2321087.761,Maui,Kahana Reef,4471 Lower Honoapiilani Road,INDIVIDUAL VACATION UNIT,1959
741164.5514,2320415.805,Maui,Kahana Villa Maui,4242 Lower Honoapiilani Road,INDIVIDUAL VACATION UNIT,1980
740749.8989,2319222.359,Maui,Kaleialoha,3785 Lower Honoapiilani Road,INDIVIDUAL VACATION UNIT,1972
743620.1221,2324266.284,Maui,Kapalua Golf Villas,500 Office Road,INDIVIDUAL VACATION UNIT,1975
741893.8252,2309263.723,Maui,Lahaina Shores,475 Front Street,INDIVIDUAL VACATION UNIT,1974
759514.3244,2301543.204,Maui,Maalaea Banyans,190 Hauoli Street,INDIVIDUAL VACATION UNIT,1978
742592.25,2323280.577,Maui,Napili Bay,33 Hui Drive,INDIVIDUAL VACATION UNIT,1960
742721.7236,2323401.082,Maui,Napili Gardens,5432 Lower Honoapiilani Road,INDIVIDUAL VACATION UNIT,1995
740510.5726,2318544.599,Maui,Papakea,3543 Lower Honoapiilani Road,INDIVIDUAL VACATION UNIT,1976
741314.8191,2321013.025,Maui,Pohailani Maui,4435 Lower Honoapiilani Road,INDIVIDUAL VACATION UNIT,
741343.4212,2320815.968,Maui,Royal Kahana,4365 Lower Honoapiilani Road,INDIVIDUAL VACATION UNIT,1975
739919.974,2315330.603,Maui,The Whaler Resort,2481 Kaanapali Parkway,INDIVIDUAL VACATION UNIT,1975
741363.0458,2320743.318,Maui,Valley Isle,4327 Lower Honoapiilani Road,INDIVIDUAL VACATION UNIT,1973
741809.2064,2309925.594,Maui,Aina Nalu,660 Wainee Street,INDIVIDUAL VACATION UNIT,1975
740643.1622,2318944.598,Maui,Hale Kai,3691 Lower Honoapiilani Road,INDIVIDUAL VACATION UNIT,1967
740845.1478,2319484.933,Maui,Hale Mahina Beach Resort,3875 Lower Honoapiilani Road,INDIVIDUAL VACATION UNIT,1981
740797.1156,2319324.302,Maui,Hale Ono Loa,3823 Lower Honoapiilani Road,INDIVIDUAL VACATION UNIT,1971
741313.9141,2320906.263,Maui,Hololani,4401 Lower Honoapiilani Road,INDIVIDUAL VACATION UNIT,1973
740685.0724,2318854.587,Maui,Honokowai Palms,3666 Lower Honoapiilani Road,INDIVIDUAL VACATION UNIT,1969
740187.7257,2317924.877,Maui,Honua Kai,130 Kai Malina Pkwy,INDIVIDUAL VACATION UNIT,2009
740263.1375,2316569.712,Maui,International Colony Club,2750 Kalapu Drive,INDIVIDUAL VACATION UNIT,1964
740664.1522,2316607.545,Maui,Kaanapali Plantation,150 Puukolii Road,INDIVIDUAL VACATION UNIT,
740205.9762,2315412.205,Maui,Kaanapali Royal,2560 Kekaa Drive,INDIVIDUAL VACATION UNIT,1979
740398.9416,2318204.038,Maui,Kaanapali Shores,3445 Lower Honoapiilani Road,INDIVIDUAL VACATION UNIT,1980
741456.5742,2321200.216,Maui,Kahana Outrigger,4521 Lower Honoapiilani Road,INDIVIDUAL VACATION UNIT,1979
741372.1118,2321087.761,Maui,Kahana Reef,4471 Lower Honoapiilani Road,INDIVIDUAL VACATION UNIT,1959
741164.5514,2320415.805,Maui,Kahana Villas,4242 Lower Honoapiilani Road,INDIVIDUAL VACATION UNIT,1980
743620.1221,2324266.284,Maui,Kapalua Golf Villas,500 Office Road,INDIVIDUAL VACATION UNIT,1975
740882.536,2319665.914,Maui,Kuleana,3959 Lower Honoapiilani Road,INDIVIDUAL VACATION UNIT,1973
740822.4864,2311785.733,Maui,Lahaina Roads,1403 Front Street,INDIVIDUAL VACATION UNIT,1973
741893.8252,2309263.723,Maui,Lahaina Shores,475 Front Street,INDIVIDUAL VACATION UNIT,1974
740827.5898,2319388.149,Maui,Lokelani,3833 Lower Honapiilani Road,INDIVIDUAL VACATION UNIT,1972
740050.3272,2317979.03,Maui,Mahana,110 Kaanapali Shores Place,INDIVIDUAL VACATION UNIT,1974
740723.4624,2319169.368,Maui,Makani Sands,3765 Lower Honoapiilani Road,INDIVIDUAL VACATION UNIT,1975
740089.0582,2316647.192,Maui,Maui Kaanapali Villas,45 Kai Ala Drive,INDIVIDUAL VACATION UNIT,1966
740521.7371,2318579.831,Maui,Maui Sands,3559 Lower Honoapiilani Road,INDIVIDUAL VACATION UNIT,1964
742492.2016,2323021.846,Maui,Napili Point,5295 Lower Honoapiilani Road,INDIVIDUAL VACATION UNIT,1977
740571.1623,2318740.994,Maui,Paki Maui,3615 Lower Honoapiilani Road,INDIVIDUAL VACATION UNIT,1976
740510.5726,2318544.599,Maui,Papakea,3543 Lower Honoapiilani Road,INDIVIDUAL VACATION UNIT,1976
740654.9546,2318995.716,Maui,The Pikake,3701 Lower Honoapiilani Road,INDIVIDUAL VACATION UNIT,1966
741314.8191,2321013.025,Maui,Pohailani,4435 Lower Honoapiilani Road,INDIVIDUAL VACATION UNIT,
741343.4212,2320815.968,Maui,Royal Kahana,4365 Lower Honoapiilani Road,INDIVIDUAL VACATION UNIT,1975
741366.7707,2320590.143,Maui,Sands of Kahana,4299 Lower Honoapiilani Road,INDIVIDUAL VACATION UNIT,1982
741363.0458,2320743.318,Maui,Valley Isle Resort,4327 Lower Honoapiilani Road,INDIVIDUAL VACATION UNIT,1973
739919.974,2315330.603,Maui,Whaler,2481 Kaanapali Parkway,INDIVIDUAL VACATION UNIT,1975
773892.0095,2316398.184,Maui,Kuau Plaza Condominium,777 Hana Highway,INDIVIDUAL VACATION UNIT,1974
767086.8714,2289829.032,Maui,Wailea Grand Champions (Estimate),155 Wailea Ike Place,INDIVIDUAL VACATION UNIT,1989
767086.8714,2289829.032,Maui,Wailea Grand Champions,155 Wailea Ike Place,INDIVIDUAL VACATION UNIT,1989
741418.4012,2310110.592,Maui,Lahaina Inn,127 Lahainaluna Road,HOTEL,1931
621269.6099,2353602.645,Oahu,Pagoda Waikiki Hotel,260 Beach Walk,HOTEL,1955
620909.2516,2354469.824,Oahu,Allure Waikiki,1837 Kalakaua Avenue,INDIVIDUAL VACATION UNIT,2010
621601.2132,2353821.887,Oahu,Aloha Towers,430 Lewers Street,INDIVIDUAL VACATION UNIT,
622606.4007,2353046.662,Oahu,Canal House,2611 Ala Wai Boulevard,INDIVIDUAL VACATION UNIT,
620837.1803,2354165.128,Oahu,Canterbury Place,1910 Ala Moana Boulevard,INDIVIDUAL VACATION UNIT,2013
620701.938,2354305.209,Oahu,Chateau Waikiki,411 Hobron Lane,INDIVIDUAL VACATION UNIT,
622380.8902,2351651.657,Oahu,Colony Surf,2895 Kalakaua Avenue,INDIVIDUAL VACATION UNIT,
622487.8705,2352932.233,Oahu,Diamond Head Vista,2600 Pualani Way,INDIVIDUAL VACATION UNIT,
620550.319,2354162.618,Oahu,Discovery Bay,1778 Ala Moana Boulevard,INDIVIDUAL VACATION UNIT,
622001.617,2353590.732,Oahu,Fairway Villa,2345 Ala Wai Boulevard,INDIVIDUAL VACATION UNIT,1974
621434.8127,2353841.039,Oahu,Four Paddle,2140 Kuhio Avenue,INDIVIDUAL VACATION UNIT,
620491.8234,2354134.942,Oahu,Ilikai,1777 Ala Moana Boulevard,INDIVIDUAL VACATION UNIT,1964
620422.5919,2354216.738,Oahu,Ilikai Marina,1765 Ala Moana Boulevard,INDIVIDUAL VACATION UNIT,1968
621431.6833,2354051.569,Oahu,Lanikea,421 Olohana Street,INDIVIDUAL VACATION UNIT,
621134.7869,2353982.618,Oahu,Luana Waikiki,2045 Kalakaua Avenue,INDIVIDUAL VACATION UNIT,1970
622332.3492,2353111.222,Oahu,Ohua,250 Ohua Avenue,INDIVIDUAL VACATION UNIT,
619668.7821,2354728.019,Oahu,Park Lane Ala Moana,1388 Ala Moana Boulevard,INDIVIDUAL VACATION UNIT,
621630.6061,2353607.701,Oahu,Marine Surf,364 Seaside Avenue,INDIVIDUAL VACATION UNIT,1968
621270.5632,2353594.856,Oahu,Regency on Beachwalk,255 Beach Walk,INDIVIDUAL VACATION UNIT,1961
621643.9131,2353649.005,Oahu,Royal Kuhio,2240 Kuhio Avenue,INDIVIDUAL VACATION UNIT,1978
622565.8346,2351169.756,Oahu,Seabreeze,3065 Kalakaua Avenue,INDIVIDUAL VACATION UNIT,
622261.2037,2353028.296,Oahu,Waikiki Banyan,201 Ohua Avenue,INDIVIDUAL VACATION UNIT,1979
622000.8729,2353041.569,Oahu,Waikiki Beach Tower,2470 Kalakaua Avenue,INDIVIDUAL VACATION UNIT,1984
622105.3568,2353243.6,Oahu,Waikiki Park Heights,2440 Kuhio Ave,INDIVIDUAL VACATION UNIT,1973
621107.8185,2353481.452,Oahu,Waikiki Shore,2161 Kalia Road,INDIVIDUAL VACATION UNIT,1960
622077.1465,2353318.608,Oahu,Waikiki Sky Tower,2410 Cleghorn Street,INDIVIDUAL VACATION UNIT,1978
622334.2216,2352968.741,Oahu,Waikiki Sunset,229 Paoakalani Avenue,INDIVIDUAL VACATION UNIT,1979
620145.2959,2354567.502,Oahu,Watermark Waikiki,1551 Ala Moana Boulevard,INDIVIDUAL VACATION UNIT,
620574.2183,2354283.556,Oahu,Windsor,343 Hobron Lane,INDIVIDUAL VACATION UNIT,
764783.4752,2296338.653,Maui,Hale Kai O Kihei,1310 Uluniu Road,CONDOMINIUM HOTEL,1969
766123.2928,2292223.658,Maui,Hale Kamaole,2737 South Kihei Road,CONDOMINIUM HOTEL,1973
759436.3589,2301463.914,Maui,Island Sands Resort,150 Hauoli Street,INDIVIDUAL VACATION UNIT,1975
466081.1068,2438778.322,Kauai,Islander on the Beach,440 Aleka Place,INDIVIDUAL VACATION UNIT,1970
766084.2269,2292406.438,Maui,Kamaole Sands,2695 South Kihei Road,INDIVIDUAL VACATION UNIT,1983
759710.1396,2301662.191,Maui,Kanai A Nalu,250 Hauoli Street,INDIVIDUAL VACATION UNIT,1976
466979.805,2439769.15,Kauai,Kauai Kailani,4-856 Kuhio Highway,INDIVIDUAL VACATION UNIT,1969
764715.0806,2297622.052,Maui,Kauhale Makai,938 South Kihei Road,INDIVIDUAL VACATION UNIT,1978
765985.1146,2292867.33,Maui,Kihei Akahi,2531 South Kihei Road,CONDOMINIUM HOTEL,1977
766128.5579,2293286.796,Maui,Kihei Alii Kai,2387 South Kihei Road,INDIVIDUAL VACATION UNIT,1979
766120.1986,2291646.319,Maui,Kihei Surfside Resort,2936 South Kihei Road,INDIVIDUAL VACATION UNIT,1976
759514.3244,2301543.204,Maui,Maalaea Banyan,190 Hauoli Street,INDIVIDUAL VACATION UNIT,1978
453932.7844,2418525.721,Kauai,Makahuena,1661 Pee Road,INDIVIDUAL VACATION UNIT,1997
766118.3289,2291579.443,Maui,Mana Kai Maui Resort,2960 South Kihei Road,INDIVIDUAL VACATION UNIT,1973
765992.8951,2292828.041,Maui,Maui Banyan,2575 South Kihei Road,INDIVIDUAL VACATION UNIT,1990
766141.6237,2291993.392,Maui,Maui Kamaole,2777 South Kihei Road,CONDOMINIUM HOTEL,1989
764646.5918,2298009.869,Maui,Menehune Shores,760 South Kihei Road,INDIVIDUAL VACATION UNIT,1976
766759.5201,2290888.551,Maui,Palms at Wailea,3200 Wailea Alanui Drive,INDIVIDUAL VACATION UNIT,1991
467067.6595,2440984.115,Kauai,Pono Kai Resort,4-1250 Kuhio Highway,INDIVIDUAL VACATION UNIT,1980
765907.4174,2293182.143,Maui,Royal Mauian,2430 South Kihei Road,INDIVIDUAL VACATION UNIT,1973
763684.6719,2300507.855,Maui,Sugar Beach Resort,145 North Kihei Road,CONDOMINIUM HOTEL,1976
767275.7214,2289445.036,Maui,Wailea Ekolu,10 Wailea Ekolu Place,INDIVIDUAL VACATION UNIT,1979
766598.4266,2289949.954,Maui,Wailea Elua,3600 Wailea Alanui Drive,INDIVIDUAL VACATION UNIT,1978
767086.8714,2289829.032,Maui,Wailea Grand Champion,155 Wailea Ike Place,INDIVIDUAL VACATION UNIT,1989
465564.0584,2438523.647,Kauai,Wailua Bay View Resort,320 Papaloa Road,CONDOMINIUM HOTEL,1972
449174.6994,2457295.8,Kauai,Hanalei Bay Resort,5380 Honoiki Road,TIMESHARE,1978
766727.4888,2289437.792,Maui,Wailea Beach Villas,3800 Wailea Alanui Drive,INDIVIDUAL VACATION UNIT,2006
766727.4888,2289437.792,Maui,Wailea Beach Villas,3800 Wailea Alanui Drive,CONDOMINIUM HOTEL,2006
766413.9798,2288082.534,Maui,Wailea Sunset Estate,4440 Makena Road,INDIVIDUAL VACATION UNIT,
766347.7453,2284484.195,Maui,Wailea Sunset Bungalow,430 Makena Road,INDIVIDUAL VACATION UNIT,
766541.1027,2290138.95,Maui,Andaz Maui at Wailea Resort,3550 Wailea Alanui Drive,INDIVIDUAL VACATION UNIT,1978
766541.1027,2290138.95,Maui,Andaz Maui at Wailea Resort,3550 Wailea Alanui Drive,HOTEL,1978
766503.239,2286016.049,Maui,Coral Gardens Estate at Makena Bay,5110 Old Makena Road,INDIVIDUAL VACATION UNIT,
742864.3658,2324022.071,Maui,Montage Kapalua Bay,1 Bay Drive,INDIVIDUAL VACATION UNIT,
742864.3658,2324022.071,Maui,Montage Kapalua Bay,1 Bay Drive,CONDOMINIUM HOTEL,
764872.7161,2295816.669,Maui,Mango Surf Beach Front Villa,1490 Halama Street,INDIVIDUAL VACATION UNIT,
764869.9956,2295840.555,Maui,Moana Hideaway,1484 Halama Street,INDIVIDUAL VACATION UNIT,
766683.9066,2286590.434,Maui,Makena Surf,4850 Makena Alanui Road,INDIVIDUAL VACATION UNIT,1975
766683.9066,2286590.434,Maui,Makena Surf,4850 Makena Alanui Road,INDIVIDUAL VACATION UNIT,1975
740084.9236,2316667.273,Maui,Sea Shells Beach House on Kaanapali Beach,50 Kai Ala Drive,INDIVIDUAL VACATION UNIT,
740800.4197,2310720.799,Maui,Opal Seas at Baby Beach,41 Kai Pali Place,INDIVIDUAL VACATION UNIT,
466081.1068,2438778.322,Kauai,Islander on the Beach,440 Aleka Place,INDIVIDUAL VACATION UNIT,1970
465865.4965,2438705.895,Kauai,Lae Nani,410 Papaloa Road,INDIVIDUAL VACATION UNIT,1977
452783.4013,2420390.587,Kauai,Pili Mai at Poipu,2611 Kiahuna Plantation Drive,INDIVIDUAL VACATION UNIT,2018
466227.5435,2438985.582,Kauai,Plantation Hale,525 Aleka Loop,INDIVIDUAL VACATION UNIT,1973
467026.3422,2439921.056,Kauai,Royal Kapaa Shore,4-900 Kuhio Highway,INDIVIDUAL VACATION UNIT,1978
448978.7453,2457479.963,Kauai,Royal View Princeville Cottage,5301 Ka Haku Road,INDIVIDUAL VACATION UNIT,
448978.7453,2457479.963,Kauai,Secret Princess Studio,5301 Ka Haku Road,INDIVIDUAL VACATION UNIT,
448978.7453,2457479.963,Kauai,Sweet Dreams Princeville Condo,5301 Ka Haku Road,INDIVIDUAL VACATION UNIT,
465077.3416,2438122.144,Kauai,Wailua Riverside Cottage,160 Ohana Street,INDIVIDUAL VACATION UNIT,
466894.866,2439652.465,Kauai,Waipouli Beach Resort,4-820 Kuhio Highway,INDIVIDUAL VACATION UNIT,2006
742505.6179,2308388.437,Maui,Puamana,34 Puailima Place,INDIVIDUAL VACATION UNIT,1968
742505.6179,2308388.437,Maui,Puamana,34 Puailima Place,INDIVIDUAL VACATION UNIT,1968
826124.3483,2205808.575,Hawaii,Shores at Waikoloa,69-1035 Keana Place,INDIVIDUAL VACATION UNIT,1987
827422.1614,2206782.037,Hawaii,Golf Villas at Mauna Lani,68-1122 Na Ala Hele Road,INDIVIDUAL VACATION UNIT,2007
829189.4762,2208626.816,Hawaii,Serenity and Quiet Sophistication at Kulalani! Special Introductory Rates!,68-1118 North Kaniku Drive,INDIVIDUAL VACATION UNIT,2007
826555.2652,2206232.942,Hawaii,Vista Waikoloa,5445 Waikoloa Beach Drive,INDIVIDUAL VACATION UNIT,
826546.1605,2205465.69,Hawaii,Fairway Villas at Waikoloa,69-200 Pohakulana Place,INDIVIDUAL VACATION UNIT,2004
635228.2429,2359716.501,Oahu,Hale Pohaku,41-849 Laumilo Street,INDIVIDUAL VACATION UNIT,
629882.8552,2368861.01,Oahu,Place in Paradise,824 G N Kalaheo,INDIVIDUAL VACATION UNIT,
632934.8441,2366252.496,Oahu,Walker's Beach,876 Mokulua Drive,INDIVIDUAL VACATION UNIT,
830812.7547,2211541.368,Hawaii,Puako Hylton,69-1644 Puako Beach Dr,INDIVIDUAL VACATION UNIT,
815669.3837,2193579.684,Hawaii,Hualalai Hainoa Estates,72-128 Hainoa Place,INDIVIDUAL VACATION UNIT,
815561.2328,2194829.475,Hawaii,Hualalai - 72-105 Pakui,72-105 Pakui Street,INDIVIDUAL VACATION UNIT,
815805.9438,2194844.601,Hawaii,Hualalai - 72-143 Pakui,72-143 Pakui Street,INDIVIDUAL VACATION UNIT,
815769.6381,2194828.769,Hawaii,Hualalai -  Maluhia Hale,72-139 Pakui Street,INDIVIDUAL VACATION UNIT,
815059.5721,2194936.694,Hawaii,Golf Villas at Hualalai,72-128 Kumukehu Street,INDIVIDUAL VACATION UNIT,
815143.1051,2195196.735,Hawaii,Fairway Villas at Hualalai Resort,100 Kaupulehu Drive,INDIVIDUAL VACATION UNIT,
815143.1051,2195196.735,Hawaii,Hillside at Hualalai Resort,100 Kaupulehu Drive,INDIVIDUAL VACATION UNIT,
815143.1051,2195196.735,Hawaii,Ke Alaula at Hualalai Resort,100 Kaupulehu Drive,INDIVIDUAL VACATION UNIT,
815143.1051,2195196.735,Hawaii,Palm Villas at Hualalai Resort,100 Kaupulehu Drive,INDIVIDUAL VACATION UNIT,
815143.1051,2195196.735,Hawaii,Waiulu Villas at Hualalai Resort,100 Kaupulehu Drive,INDIVIDUAL VACATION UNIT,
815143.1051,2195196.735,Hawaii,Haliipua Villas at Hualalai Resort,100 Kaupulehu Drive,INDIVIDUAL VACATION UNIT,
815143.1051,2195196.735,Hawaii,Golf Villas at Hualalai Resort,100 Kaupulehu Drive,INDIVIDUAL VACATION UNIT,
587766.5723,2386420.456,Oahu,Hale Kalani,68-252 Olohio Street,INDIVIDUAL VACATION UNIT,
630430.8587,2367737.06,Oahu,Palione Papalani,22 Palione Place,INDIVIDUAL VACATION UNIT,1981
625731.7379,2351588.086,Oahu,Palm Tree Estate,4451 Kahala Avenue,INDIVIDUAL VACATION UNIT,2008
631176.6485,2353691.047,Oahu,Niuiki,48 Niuiki Circle,INDIVIDUAL VACATION UNIT,
633371.1541,2365713.06,Oahu,Mokulua Aina,1133 Mokulua Drive,INDIVIDUAL VACATION UNIT,
633674.3715,2365151.611,Oahu,Hale Mokulua -Lanikai,1451 Mokulua Drive,INDIVIDUAL VACATION UNIT,
633322.0798,2365214.557,Oahu,Kehaulani,1371 Kehaulani Drive,INDIVIDUAL VACATION UNIT,
454745.9998,2457474.54,Kauai,Anini House,3500 Anini Road,INDIVIDUAL VACATION UNIT,
443114.3173,2457714.622,Kauai,Banana Beach House,7356 Alealea Road,INDIVIDUAL VACATION UNIT,
448342.7404,2455365.207,Kauai,Hale Ylang Ylang,5343 Weke Road,INDIVIDUAL VACATION UNIT,
467028.2536,2439917.078,Kauai,Aloha Kai Condo,4-0900 Kuhio Hwy,INDIVIDUAL VACATION UNIT,
448850.4791,2456130.263,Kauai,Umetsu Cottage,4959 Weke Road,INDIVIDUAL VACATION UNIT,1995
448853.1225,2456161.422,Kauai,Palaka Cottage,4945 Weke Road,INDIVIDUAL VACATION UNIT,
448989.4809,2455530.704,Kauai,Tropical Bamboo Hideaway,5115 Papio Place,INDIVIDUAL VACATION UNIT,
452764.5306,2457788.095,Kauai,Kauikeolani Estate,4201 Anini Vista Road,INDIVIDUAL VACATION UNIT,
443236.8686,2457699.365,Kauai,Holo Makani,7324 Alealea Road,INDIVIDUAL VACATION UNIT,
448857.573,2456278.78,Kauai,Hale Mo'olelo,4943 Weke Road,INDIVIDUAL VACATION UNIT,1902
442840.0054,2457631.562,Kauai,Holo Makani,5-7452-B Kuhio Highway,INDIVIDUAL VACATION UNIT,
443236.8686,2457699.365,Kauai,Haena VRU,7324 Alealea Road,INDIVIDUAL VACATION UNIT,
443755.9589,2457368.525,Kauai,Hale Hoolapanai,5-7107 Kuhio Hwy,INDIVIDUAL VACATION UNIT,
442840.0054,2457631.562,Kauai,Moolelo Hoolapanai,5-7452 A Kuhio Hwy,INDIVIDUAL VACATION UNIT,
442840.0054,2457631.562,Kauai,Kalihiwai Beach House,5-7452 AB Kuhio Hwy,INDIVIDUAL VACATION UNIT,
803162.9154,2303418.561,Maui,Entabeni Cottage,370 Hana Highway,INDIVIDUAL VACATION UNIT,
828635.6114,2208067.078,Hawaii,"Mauna Lani, Auberge Resorts Collection",68-1400 Mauna Lani Drive,HOTEL,1983
815083.334,2174431.692,Hawaii,Kona Seaside Hotel,75-5646 Palani Road,HOTEL,1960
443774.1859,2457354.851,Kauai,Hanalei Colony Resort,5-7130 Kuhio Highway,HOTEL,1969
621751.5845,2353233.943,Oahu,"Moana Surfrider, A Westin Resort & Spa",2365 Kalakaua Avenue,HOTEL,1901
452242.6022,2419256.856,Kauai,Sheraton Kauai Resort,2440 Hoonani Road,HOTEL,1968
818482.447,2165519.395,Hawaii,Sheraton Kona Resort & Spa Keauhou Bay,78-128 Ehukai Street,HOTEL,2004
739874.8018,2315781.51,Maui,Sheraton Maui Resort & Spa,2605 Kaanapali Parkway,HOTEL,1963
621854.7566,2353266.241,Oahu,Sheraton Princess Kaiulani Hotel,120 Kaiulani Avenue,HOTEL,1955
621336.3927,2353301.648,Oahu,Sheraton Waikiki Hotel,2255 Kalakaua Avenue,HOTEL,1971
448852.2038,2457440.181,Kauai,St. Regis Princeville,5520 Ka Haku Road,HOTEL,1985
621336.3927,2353301.648,Oahu,"The Royal Hawaiian, A Luxury Collection Resort",2259 Kalakaua Avenue,HOTEL,1927
739841.4038,2315016.399,Maui,The Westin Maui Resort & Spa,2365 Kaanapali Parkway,HOTEL,1971
622131.7169,2352839.299,Oahu,Waikiki Beach Marriott Resort & Spa,2552 Kalakaua Avenue,HOTEL,1971
595943.7923,2358961.099,Oahu,Embassy Suites by Hilton Oahu Kapolei,725 Manawai Street,HOTEL,2017
739782.3892,2314595.08,Maui,"Hyatt Kaanapali Beach, a Hyatt Resident Club Resort",180 Nohea Kai Drive,TIMESHARE,2014
739860.7331,2314429.683,Maui,Hyatt Regency Maui Resort and Spa,200 Nohea Kai Drive,HOTEL,1980
622266.0121,2352863.216,Oahu,Hyatt Place Waikiki Beach,175 Paoakalani Avenue,HOTEL,1970
621639.6578,2353569.026,Oahu,Hyatt Centric Waikiki Beach,349 Seaside Avenue,HOTEL,2017
621895.0367,2353146.388,Oahu,Hyatt Regency Waikiki Beach Resort & Spa,2424 Kalakaua Avenue,HOTEL,1976
604079.2182,2399910.534,Oahu,Kuilima Estates West,57-101 West Kuilima Loop,INDIVIDUAL VACATION UNIT,2011
604101.4138,2400128.615,Oahu,Kuilima Estates East,57-068 Eleku Kuilima Pl,INDIVIDUAL VACATION UNIT,
591080.6721,2359573.19,Oahu,Beach Villas At Ko Olina,92-106 Waialii Place,INDIVIDUAL VACATION UNIT,2008
589138.6067,2386882.188,Oahu,Mokuleia Sands,68-55 Akule St,INDIVIDUAL VACATION UNIT,
603573.603,2400527.182,Oahu,Ocean Villas at Turtle Bay Resort,57-091 Kamehameha Highway,INDIVIDUAL VACATION UNIT,1972
590978.7319,2360469.79,Oahu,Coconut Plantation at Ko Olina Resort & Marina,92-1152 Olani Street,INDIVIDUAL VACATION UNIT,
592220.7868,2359619.381,Oahu,Ko Olina Fairways,92-1503 Aliinui Drive,INDIVIDUAL VACATION UNIT,
592324.0026,2359712.304,Oahu,Ko Olina Hillside Villas,92-1520 Aliinui Drive,INDIVIDUAL VACATION UNIT,
591324.5221,2360208.304,Oahu,Ko Olina Kai,92-1103 Koio Drive,INDIVIDUAL VACATION UNIT,
590674.7332,2360617.405,Oahu,Kai Lani at Ko Olina,92-1001 Aliinui Drive,INDIVIDUAL VACATION UNIT,
620837.1803,2354165.128,Oahu,Canterbury Place,1910 Ala Moana Boulevard,INDIVIDUAL VACATION UNIT,2013
740850.4502,2319562.995,Maui,Hoyochi Nikko (Estimate),3901 Lower Honoapiilani Road,INDIVIDUAL VACATION UNIT,1973
454307.9365,2419113.663,Kauai,Shipwrecks Beach Cottage,2227 Iukika Place,INDIVIDUAL VACATION UNIT,
457409.6934,2457213.172,Kauai,Hale Nanea,2884-A Kauape Road,INDIVIDUAL VACATION UNIT,n/a
457380.0928,2457169.725,Kauai,Secret Beach Cottage,2908-B Kauapea Road,INDIVIDUAL VACATION UNIT,
455544.518,2456797.612,Kauai,Kumulani,3233A Kalihiwai Road,INDIVIDUAL VACATION UNIT,
461785.9066,2456077.981,Kauai,Kai Halulu,4110 North Waikalua,INDIVIDUAL VACATION UNIT,
451761.7682,2456835.32,Kauai,"Elegant villa with mountain and golf course views, easy to beaches/shopping",4141 Queen Emma Drive,INDIVIDUAL VACATION UNIT,
449697.5253,2457216.681,Kauai,Queens Bath Lookout,5055 Naookala Circle,INDIVIDUAL VACATION UNIT,
599669.2251,2397608.207,Oahu,Haleiwa Sunshine,59-007 Huelo Street,INDIVIDUAL VACATION UNIT,
828409.3905,2208230.373,Hawaii,Spectacular New Mauna Lani Home!,68-1312 Pauoa Road,INDIVIDUAL VACATION UNIT,
816182.569,2182411.804,Hawaii,Piko Nani (Hilltop Beauty) Estate,73-1451 Kukuna Street,INDIVIDUAL VACATION UNIT,2016
817945.9804,2170623.387,Hawaii,Paradise Found Pool Wonderful ocean views Spacious home Near Kona town,77-172 Kekai Place,INDIVIDUAL VACATION UNIT,
819047.817,2169593.394,Hawaii,Beautiful home with unobstructed ocean views,77-474 Kualono Street,INDIVIDUAL VACATION UNIT,
819619.4521,2166432.48,Hawaii,Pili Lani,78-7008 Ola Kino Street,INDIVIDUAL VACATION UNIT,
765780.554,2293765.961,Maui,Kamaole One #5 - Upgraded Ground Floor 2 Bedroom and Directly on the Beach!,2230 South Kihei Road,INDIVIDUAL VACATION UNIT,1973
740654.9546,2318995.716,Maui,The Pikake Water is 20ft Away!!,3701 Lower Honoapiilani Road,INDIVIDUAL VACATION UNIT,1966
829097.157,2208078.406,Hawaii,FALL SPECIAL 5TH NIGHT FREE - Hale Malia - Brand New Deluxe 3BR Townhome!,68-1025 North Kaniku Drive,INDIVIDUAL VACATION UNIT,
815954.822,2173043.847,Hawaii,Alii Cove,75-5919 Alii Drive,INDIVIDUAL VACATION UNIT,
742721.7236,2323401.082,Maui,Napili Gardens,5432 Lower Honoapiilani Road,INDIVIDUAL VACATION UNIT,1995
740845.1478,2319484.933,Maui,Hale Mahina Beach Resort (Estimate),3875 Lower Honoapiilani Road,INDIVIDUAL VACATION UNIT,1981
818680.4881,2166398.775,Hawaii,Keauhou Palena Golfers Delight Great Location in Kona Hawaii,78-7054 Kamehameha III Road,INDIVIDUAL VACATION UNIT,
764668.6673,2297905.367,Maui,Koa Resort,811 South Kihei Road,INDIVIDUAL VACATION UNIT,1982
621561.3015,2353993.639,Oahu,2121 Ala Wai 2406- UNIT HAS BEEN UPDATED AND IS BEAUTFUL! TRUE VALUE!!!,2121 Ala Wai Boulevard,INDIVIDUAL VACATION UNIT,
819086.5694,2170869.908,Hawaii,"Amazing Kona Sunsets House, Ocean Views above Kailua Kona Village",77-362 Ailina Street,INDIVIDUAL VACATION UNIT,
817424.4471,2171894.831,Hawaii,Akoa-Gated Community 3 bedroom 3 bath Ocean View,75-6187 Akoa Place,INDIVIDUAL VACATION UNIT,
815429.3669,2185387.635,Hawaii,"Spacious 4400 square foot, 4 bedroom, 4.5 bath Private Estate",72-4075 Alahee Place,INDIVIDUAL VACATION UNIT,
816890.0994,2171192.332,Hawaii,"Spacious, Groundfloor Oceanfront Unit, 2 bedroom, 2 bath",75-6800 Alii Drive,INDIVIDUAL VACATION UNIT,
816898.7746,2171173.494,Hawaii,Beautiful Oceanfront Condo Steps from Beach - complete remodel 2014,76-6194 Alii Drive,INDIVIDUAL VACATION UNIT,
818786.1538,2173099.595,Hawaii,"Aloha Place - Luxurous3 Bedroom, 3 Bathroom Home with Spectacular Ocean Views",75-669 Pu Hoaloha Place,INDIVIDUAL VACATION UNIT,
453943.841,2418612.404,Kauai,Alohilani - Gated Estate 5 Bedroom Villa with a Pool,1670 Makanui Road,INDIVIDUAL VACATION UNIT,
453816.7515,2418768.57,Kauai,Amazing Views Hale - 270 degree Stunning Views from 2 Story Poipu Beach House,2321 Hoohu Road,INDIVIDUAL VACATION UNIT,
816246.5402,2180723.616,Hawaii,"Heavens, Spaciouis 4 Bedroom with Pool and Great Ocean Views",73-4854 Anini Street,INDIVIDUAL VACATION UNIT,
819322.1412,2167115.931,Hawaii,Blue Hawaii - A Big Island Home Amazing Ocean Views in Kona,78-6902 Kia Aina Street,INDIVIDUAL VACATION UNIT,
451151.2352,2419685.785,Kauai,"Delightful 2BR Cottage w/Whitewater Ocn Views & Sunsets, Surf, Sand & Snorkel",5115 Hoona Road,INDIVIDUAL VACATION UNIT,
451220.6647,2456736.588,Kauai,Charming home on the North Shore of Kauai,4381 Emmalani Drive,INDIVIDUAL VACATION UNIT,
836723.0938,2209462.197,Hawaii,A striking home near white sand beaches and resorts,68-3553 Haia Street,INDIVIDUAL VACATION UNIT,
450930.5577,2457088.323,Kauai,"Hale Emmalani: Elegant remodeled 3br/3ba home with private pool, quiet street",4890 Emmalani Drive,INDIVIDUAL VACATION UNIT,
453396.8655,2418896.13,Kauai,"Hale Halia -Stunning 4 Bedroom, 3 Bath Poipu Beach Vacation Home",2211 Pane Road,INDIVIDUAL VACATION UNIT,
451136.79,2419707.638,Kauai,Hale Haloko Kaiin Poipu - Oceanviews and just steps to the beach,5111 Hoona Road,INDIVIDUAL VACATION UNIT,2000
450687.6823,2456826.291,Kauai,"Hale Kamalani: Spacious 3br + loft, mountain and golf course views, BARGAIN!",4187 Kamalani Lane,INDIVIDUAL VACATION UNIT,
819319.1967,2166281.739,Hawaii,"Hale Kehau 3 Bed, Private Home with Incredible Ocean Views in Gated Community",78-7045 Kaluna Street,INDIVIDUAL VACATION UNIT,
450778.7837,2457840.406,Kauai,"Hale Kohea: Comfortable, Tommy Bahama Furnished Home!",3714 Albert Road,INDIVIDUAL VACATION UNIT,
814893.1961,2183403.697,Hawaii,Hale Kokua-Private Home off Ohi Kapua Pl.,73-4326 Ohikapua Place,INDIVIDUAL VACATION UNIT,
815779.4038,2173342.902,Hawaii,Oceanfront one bedroom unit with amazing views,75-5870 Kahakai Road,INDIVIDUAL VACATION UNIT,1972
925105.1899,2173217.685,Hawaii,"Hale Loke Cottage, 2 Masters, A/C, Use of resort pool & spa, steps to beaches",15-927 Paradise Ala Kai,INDIVIDUAL VACATION UNIT,2000
450111.9549,2457674.787,Kauai,Hale Mahana: Cozy 2 Bedroom home with salt water Pool!,3979 Kalakaua Place,INDIVIDUAL VACATION UNIT,
451246.56,2419625.009,Kauai,Hale Malanai - 2 Bedroom Baby Beach Poipu Vacation Home,5141 Hoona Road,INDIVIDUAL VACATION UNIT,1993
453933.6133,2418533.196,Kauai,Oceanviews - Very close to Poipu Beach - Sleeps 6!,1684 Pee Road,INDIVIDUAL VACATION UNIT,
836246.5738,2207894.78,Hawaii,Distinctive Custom Cedar Home -with Ocean & Mountain Views!,68-1823 Puu Nui Street,INDIVIDUAL VACATION UNIT,
449640.4659,2457302.364,Kauai,Hale Ohana: 3br/3ba amily home near back yard with jacuzzi,4126 Liholiho Road,INDIVIDUAL VACATION UNIT,
816016.8703,2178784.156,Hawaii,"Luxury Villa Estate with Pool, Hottub & Oceanview! $450/ngt spcl September!",74-4910 Hao Kuni Place,INDIVIDUAL VACATION UNIT,
817338.706,2170582.484,Hawaii,Beachfront in sunny Kona,77-6296 Alii Drive,INDIVIDUAL VACATION UNIT,
818534.9839,2165962.601,Hawaii,"Oceanfront, Overlooking a Pristine Bay Along the Kona Coast - Bay Watch",78-111 B Holua Road,INDIVIDUAL VACATION UNIT,
458787.0664,2455249.708,Kauai,North shore home with Ocean Views!,1980 Kolo Road #6,INDIVIDUAL VACATION UNIT,
449872.0198,2420085.94,Kauai,Ho`o Walea - Elegant 3 Bedroom Ocean Front Villa with a Pool,4682 Lawai Road,INDIVIDUAL VACATION UNIT,1998
453914.3308,2419001.854,Kauai,"POIPU 2bd/2 ba detached cottage, a/c, beaches/pool/spa/tennis, garage",2395 Hoohu Road,INDIVIDUAL VACATION UNIT,
818116.7065,2169993.733,Hawaii,"Magnificent Ocean Views, Pool, Walk to Beach, Surrounded by Fruit Orchards",77-407 Hoomaluhia Drive,INDIVIDUAL VACATION UNIT,
818869.7038,2172006.056,Hawaii,"IO Way -Gorgeous 4 Bedroom, 3 Bathroom Gated Home with Magnificant Views!",76-819 Io Way,INDIVIDUAL VACATION UNIT,
819236.8367,2171666.89,Hawaii,Iolani- Luxury living at this breathtaking home!,76-851 North Manu O Ku Place,INDIVIDUAL VACATION UNIT,
451206.7815,2457178.575,Kauai,Golf Course Villa with Pool and Hot Tub.,4080 Kaahumanu Place,INDIVIDUAL VACATION UNIT,
739763.5818,2314787.189,Maui,"Kaanapali Alii 433 aka ""The Royal Jewel"" on World Famous Kaanapali Beach",50 Nohea Kai Drive,INDIVIDUAL VACATION UNIT,1982
740664.1522,2316607.545,Maui,New Listing!! Book for travel before Dec.15th and get 7th night free!!!,150 Puukolii Road,INDIVIDUAL VACATION UNIT,
818298.6074,2167687.924,Hawaii,"KBV 304 Top Floor Condo: Huge Oceanview, Elevators, Beach Walking Distance!",78-6715 Alii Drive,INDIVIDUAL VACATION UNIT,
740205.9762,2315412.205,Maui,Kaanapali Royal (Estimate),2560 Kekaa Drive,INDIVIDUAL VACATION UNIT,1979
818639.4811,2166021.033,Hawaii,"Aloha! Welcome to Kahle Ohana, our brand new Keauhou vacation home.",78-130 Holua Road,INDIVIDUAL VACATION UNIT,
630658.9473,2369715.866,Oahu,Kailua Oceanfront - 4 bedroom home with Amazing Views,608 Kaimalino Place,INDIVIDUAL VACATION UNIT,
816165.6491,2172021.405,Hawaii,Coastline Views Just Steps from the Ocean,75-111 Kaiolu Drive,INDIVIDUAL VACATION UNIT,
818924.4406,2171919.939,Hawaii,"Beautiful single level 3 bedroom, 3 bath home with spectacular ocean views",76-838 Kalana Io Place ,INDIVIDUAL VACATION UNIT,
815363.2021,2174510.716,Hawaii,"KalaniKai- CORRIDOR OCEAN VIEW, 1st floor in the heart of Kona!",75-5681 Kuakini Highway,INDIVIDUAL VACATION UNIT,
450588.325,2456976.493,Kauai,Kalani Villa:4 Bedroom home with pool and amazing golf course/mountain views!,4175 Kalani Place,INDIVIDUAL VACATION UNIT,2003
464104.4788,2428616.89,Kauai,Closest House to the Water --Ocean Front-AC,Kalapaki Circle,INDIVIDUAL VACATION UNIT,
765873.7905,2293370.071,Maui,Kamaole Beach Club #C-109 Across Street from Kamaole Beach I - Great Rates!,2381 South Kihei Road,INDIVIDUAL VACATION UNIT,1983
743620.1221,2324266.284,Maui,Kapalua Bay Villa #21G4 - Fully Renovated with Direct Oceanfront Views !,500 Office Road,INDIVIDUAL VACATION UNIT,1975
444014.8447,2456464.145,Kauai,Kauai Tree House: Beautiful Haena home within a gated estate,5-6691 Kuhio Highway,INDIVIDUAL VACATION UNIT,1995
848277.6306,2217374.108,Hawaii,Just steps to the beach with private pool. Last minute discounts available.,51 Kaumana Place,INDIVIDUAL VACATION UNIT,
816815.7041,2174428.686,Hawaii,"Kawena5, Five bedrooms with 5 bathrooms, great Ocean View.",75-5788 Kawena Street,INDIVIDUAL VACATION UNIT,
819101.4768,2165460.582,Hawaii,Keauhou Akahi 210- Top floor spacious condo that sleeps 4! Large ocean view!!,78-7030 Alii Drive,INDIVIDUAL VACATION UNIT,1974
450832.3557,2458157.42,Kauai,Keoniana Kai: Island home situated on the Bluff with breathtaking ocean views,3577 Keoniana Road,INDIVIDUAL VACATION UNIT,2001
764100.1801,2300105.058,Maui,Ocean Front 2 bedroom 2 bath,36 South Kihei Road,INDIVIDUAL VACATION UNIT,1973
830160.3977,2224666.102,Hawaii,Kohala Ranch Retreat with Saltwater Pool & Spa,59-079 Olomana Road,INDIVIDUAL VACATION UNIT,
818089.8205,2168217.624,Hawaii,"Koihale- Architecturally Designed 4 Bed, 3.5 bath Estate near Kahalu'u Bay",78-6641 Alii Drive,INDIVIDUAL VACATION UNIT,
817138.1058,2170874.102,Hawaii,Ocean Front At Bali Kai -#201,76-6246 Alii Drive,INDIVIDUAL VACATION UNIT,1969
816540.3123,2171679.031,Hawaii,"Kona By The Sea 105 - Oceanfront 1 bedroom, 2 bath with private lanai!",75-6106 Alii Drive,INDIVIDUAL VACATION UNIT,1982
815970.8183,2173366.198,Hawaii,"Ocean view Studio, right on the edge of town",75-5873 Walua Road,INDIVIDUAL VACATION UNIT,1972
816963.7229,2171077.344,Hawaii,"2 Bedroom, 2 Bath, Oceanfront Condo",76-6212 Alii Drive,INDIVIDUAL VACATION UNIT,1980
817751.7445,2169072.101,Hawaii,Kona Bliss! Gated Oceanfront condo on Alii Dr.,77-6516 Alii Drive,INDIVIDUAL VACATION UNIT,
819526.0722,2167440.431,Hawaii,3 Bedroom 3 Bath Luxury House with Ocean View,78-6887 Kuhinanui Street,INDIVIDUAL VACATION UNIT,
450721.9317,2458154.483,Kauai,Laulea Hale: Spacious lovely 4br north shore luxury home in quiet cul-de-sac,3570 Kaweonui Road,INDIVIDUAL VACATION UNIT,
817364.7164,2171808.259,Hawaii,Laule'a Hale-Impressive Ocean Views and Kona Sunsets in Kahakai Estates,75-6190 Papala Street,INDIVIDUAL VACATION UNIT,
764767.6687,2297335.78,Maui,Stop! Look No Further! Leinaala #104 Oceanfront Ocean View 1Bd/1Ba Sleeps 4,998 South Kihei Road,INDIVIDUAL VACATION UNIT,1975
450678.4126,2456974.648,Kauai,"Limpopo Hale:Beautiful Princeville 3br family home close to shopping, beaches",4679 Emmalani Drive,INDIVIDUAL VACATION UNIT,
740050.3272,2317979.03,Maui,Aston Mahana Resort Beautiful Condo!!,110 Kaanapali Shores Place,INDIVIDUAL VACATION UNIT,1974
598913.3902,2396714.022,Oahu,Lohi Kai,59-181 Ke Nui Road,INDIVIDUAL VACATION UNIT,
611794.8838,2393648.39,Oahu,Laie Palms,55-427 Kamehameha Highway,INDIVIDUAL VACATION UNIT,
451758.0845,2419389.222,Kauai,Makala'e: Luxurious 5 bed/5 bath Ocean View Villa!,2598-B Hoonani Road,INDIVIDUAL VACATION UNIT,
764544.4437,2298778.908,Maui,"Maui Beach Resort #C-403, Panoramic Ocean View, Sleeps 3, Great Rates!!!",515 South Kihei Road,INDIVIDUAL VACATION UNIT,1989
828647.7416,2208053.047,Hawaii,"FALL SPECIAL 5TH NIGHT FREE-Top Floor Luxury Penthouse, Oceanview!",68-1399 Mauna Lani Drive,INDIVIDUAL VACATION UNIT,1983
818857.2225,2165439.548,Hawaii,"2 Bedroom, 2 Bathroom, AC INCLUDED! Secluded, quiet resort",78-7190 Kaleiopapa Street,INDIVIDUAL VACATION UNIT,1983
449327.7979,2457317.138,Kauai,Moana Villa: Spectacular views of Mt. Namolokama & Majestic Waterfalls,5322 Honoiki Road,INDIVIDUAL VACATION UNIT,
816832.4074,2171886.67,Hawaii,Nakakui Drive in the Gated Kahakai Community,75-6153 Nakukui,INDIVIDUAL VACATION UNIT,
817249.929,2171770.915,Hawaii,Nakukui Elua- Peaceful and Private with Pool and Ocean Views!,75-6210 Nakukui Drive,INDIVIDUAL VACATION UNIT,
453563.5524,2418828.387,Kauai,"75 Yards to Poipu's best beaches, exquisitely remodeled, ocean & sunset views",2275 Nalo Road,INDIVIDUAL VACATION UNIT,
619386.0096,2354847.346,Oahu,"PRICE REDUCED! Luxury condo with 2 Master Suites, panoramic ocean views!",1330 Ala Moana  Boulevard,INDIVIDUAL VACATION UNIT,
741021.1372,2320138.727,Maui,Noelani Sooo close to the water! End Unit!,4095 Lower Honoapiilani Road,INDIVIDUAL VACATION UNIT,1976
829189.4762,2208626.816,Hawaii,Serenity and Quiet Sophistication at Kulalani! Special Introductory Rates!,68-1118 North Kaniku Drive,INDIVIDUAL VACATION UNIT,2007
450071.271,2457801.085,Kauai,North Shore Hideaway - AS SEEN ON HGTV!,5121 Kapiolani Loop,INDIVIDUAL VACATION UNIT,
450744.3139,2458143.834,Kauai,"Ocean Cliffs Home: Oceanfront, a/c, close to beach, upscale neighborhood",3581 Kaweonui Road,INDIVIDUAL VACATION UNIT,
603573.603,2400527.182,Oahu,Kekoa ** Available for 30 night rental. Please call,57-091 Kamehameha Highway,INDIVIDUAL VACATION UNIT,1972
621630.6061,2353607.701,Oahu,Marine Surf Waikiki,364 Seaside Avenue,INDIVIDUAL VACATION UNIT,1968
818906.0285,2172520.243,Hawaii,Ohai House - Ocean view with Private Salt Water Pool - 4 Bedroom 4 Bath,76-831 Kueni Place,INDIVIDUAL VACATION UNIT,
819262.9178,2170583.321,Hawaii,Ono Hale: Gorgeous Home with pool $229 nightly special all of September/Octbr,77-6481 Ono Road,INDIVIDUAL VACATION UNIT,
815995.8908,2182415.8,Hawaii,Million Dollar O'Oma Plantation! Large Custom Home,73-1425 Kukuna Street,INDIVIDUAL VACATION UNIT,
620694.6472,2354113.338,Oahu,Palms 219,1850 Ala Moana Boulevard,INDIVIDUAL VACATION UNIT,1968
450708.2686,2457770.865,Kauai,Paradise Pool Home: Your Tropical Hawaiian Oasis!,4882 Akai Place,INDIVIDUAL VACATION UNIT,
830812.7547,2211541.368,Hawaii,"Beach Front 4 bedroom in Puako, Big Island of Hawaii",69-1644 Puako Beach Drive,INDIVIDUAL VACATION UNIT,
831290.7227,2211492.764,Hawaii,Oceanfront and exclusive 6 bedroom Estate near Mauna Kea Beach,69-1566 Puako Beach Drive,INDIVIDUAL VACATION UNIT,
449859.7967,2457980.09,Kauai,Heavenly OceanFront Honua Kai Luxury 1BR NEW!,3835 Punahele Road,INDIVIDUAL VACATION UNIT,
450702.4293,2458155.342,Kauai,Pu'uwai Hale: Spacious home w/Bali Hai Sunsets and panoramic ocean views!,3564 Kaweonui Road,INDIVIDUAL VACATION UNIT,
621270.5632,2353594.856,Oahu,"Heart of Waikiki! Modern 2 bedrooms, 1 bath - just a short walk to the beach!",255 Beach Walk,INDIVIDUAL VACATION UNIT,1961
622565.8346,2351169.756,Oahu,"MESMERIZING Oceanfront Views; Impressive 2 Bedroom, 2 Bath with Washlets!",3065 Kalakaua Avenue,INDIVIDUAL VACATION UNIT,
454306.8694,2419166.967,Kauai,Shaka Hale is steps to Shipwrecks Beach and Poipu Kai Resort amenities,1667 Keleka Road,INDIVIDUAL VACATION UNIT,
765561.1341,2294173.683,Maui,SM224 Ocean View,2075 South Kihei Road,INDIVIDUAL VACATION UNIT,1976
818749.3417,2165983.507,Hawaii,"Spacious Serenity- 2 master suites, loft with twin beds, views of Keauhou Bay",78-7106 Kamehameha III Road,INDIVIDUAL VACATION UNIT,
827125.8296,2207571.535,Hawaii,FALL SPECIAL 5TH NIGHT FREE-Ocean front overlooking Signature Hole!,68-1050 Mauna Lani Point Drive,INDIVIDUAL VACATION UNIT,1991
818139.8875,2168106.51,Hawaii,Turtle Rock - Ocean Front Cottage with pool,78-6658 Alii Drive,INDIVIDUAL VACATION UNIT,
741363.0458,2320743.318,Maui,Perfect Studio on 11th Floor with Amazing View!!,4327 Lower Honoapiilani Road,INDIVIDUAL VACATION UNIT,1973
826555.2652,2206232.942,Hawaii,"Kila Kila House - 3 bed, 2 bath in Waikoloa Village with Amazing Views",Waikoloa Beach Drive,INDIVIDUAL VACATION UNIT,1988
466894.866,2439652.465,Kauai,***Top Floor Mountain and sunset VALUE with NEW owner & great DISCOUNTS!!,4-820 Kuhio Highway,INDIVIDUAL VACATION UNIT,2006
817754.5801,2169352.953,Hawaii,"Ocean Views from 2 Bed, 2 Bath across the street from White Sands Beach!",77-6469 Alii Drive,INDIVIDUAL VACATION UNIT,1976
622105.3568,2353243.6,Oahu,Waikiki Park Heights,2440 Kuhio Ave,CONDOMINIUM HOTEL,1973
740920.2909,2319779.452,Maui,Polynesian Shores (Estimate),3975 Lower Honoapiilani Road,CONDOMINIUM HOTEL,1973
848506.2948,2217280.737,Hawaii,Waimea Country Lodge (Estimate),65-1210 Lindsey Road,HOTEL,1976
622252.7428,2352701.716,Oahu,Waikiki Grand Hotel (Estimate),134 Kapahulu Avenue,CONDOMINIUM HOTEL,1963
621107.8185,2353481.452,Oahu,Waikiki Shore (Estimate),2161 Kalia Road,CONDOMINIUM HOTEL,1960
453733.6383,2418638.466,Kauai,Poipu Shores Resort (Estimate),1775 Pee Road,CONDOMINIUM HOTEL,1976
740571.1623,2318740.994,Maui,Paki Maui (Estimate),3615 Lower Honoapiilani Road,CONDOMINIUM HOTEL,1976
725548.3166,2330578.045,Molokai,Molokai Shores (Estimate),"Kamehameha Highway, Star Route",CONDOMINIUM HOTEL,1977
466854.6752,2439607.964,Kauai,The ISO (Estimate),4-796 Kuhio Highway,HOTEL,1973
453932.7844,2418525.721,Kauai,Makahuena at Poipu (Estimate),1661 Pee Road,CONDOMINIUM HOTEL,1997
815905.1038,2173257.118,Hawaii,Kona Reef Hotel (Estimate),75-5888 Alii Drive,CONDOMINIUM HOTEL,1981
815905.1038,2173257.118,Hawaii,Kona Reef Hotel (Estimate),75-5888 Alii Drive,TIMESHARE,1981
817138.1058,2170874.102,Hawaii,Kona Bali Kai (Estimate),76-6246 Alii Drive,INDIVIDUAL VACATION UNIT,1969
466979.805,2439769.15,Kauai,Kauai Kailani I & II (Estimate),4-856 Kuhio Highway,CONDOMINIUM HOTEL,1969
465155.451,2436731.083,Kauai,Kaha Lani Resort (Estimate),4460 Nehe Road,CONDOMINIUM HOTEL,1977
912427.5946,2186127.008,Hawaii,Hilo Hawaiian Hotel (Estimate),71 Banyan Drive,HOTEL,1975
826476.1042,2206270.258,Hawaii,Halii Kai at Waikoloa (Estimate),69-1033 Nawahine Place,CONDOMINIUM HOTEL,2007
622077.1465,2353318.608,Oahu,Waikiki Sky Tower,2410 Cleghorn Street,INDIVIDUAL VACATION UNIT,1978
622077.1465,2353318.608,Oahu,Royal Aloha Vacation Club Waikiki Sky Tower,2410 Cleghorn Street,TIMESHARE,1978
622261.2037,2353028.296,Oahu,Sweetwater Waikiki Condoshare (Waikiki Banyan),201 Ohua Avenue,TIMESHARE,1979
622261.2037,2353028.296,Oahu,Hawaiian Sun Holidays (Waikiki Banyan),201 Ohua Avenue,TIMESHARE,1979
622261.2037,2353028.296,Oahu,Waikiki Banyan (Estimate),201 Ohua Avenue,INDIVIDUAL VACATION UNIT,1979
621643.9131,2353649.005,Oahu,Royal Kuhio,2240 Kuhio Avenue,TIMESHARE,1978
622001.617,2353590.732,Oahu,Fairway Villa,2345 Ala Wai Boulevard,TIMESHARE,1974
622001.617,2353590.732,Oahu,Fairway Villa,2345 Ala Wai Boulevard,INDIVIDUAL VACATION UNIT,1974
620550.319,2354162.618,Oahu,Discovery Bay (Estimate),1778 Ala Moana Boulevard,INDIVIDUAL VACATION UNIT,
622487.8705,2352932.233,Oahu,Diamond Head Vista (Estimate),2600 Pualani Way,INDIVIDUAL VACATION UNIT,
622380.8902,2351651.657,Oahu,Colony Surf (Estimate),2895 Kalakaua Avenue,INDIVIDUAL VACATION UNIT,
621601.2132,2353821.887,Oahu,Aloha Towers,430 Lewers Street,INDIVIDUAL VACATION UNIT,
621639.136,2353808.828,Oahu,Royal Aloha Vacation Club Aloha Towers,2215 Aloha Drive,TIMESHARE,1976
741366.7707,2320590.143,Maui,Sands of Kahana,4299 Lower Honoapiilani Road,TIMESHARE,1982
742789.3351,2323537.704,Maui,Gardens at West Maui,5500 Lower Honopiilani Road,TIMESHARE,1990
764544.4437,2298778.908,Maui,Maui Beach Vacation Club,515 South Kihei Road,TIMESHARE,1989
765992.8951,2292828.041,Maui,Maui Banyan Vacation Club,2575 South Kihei Road,TIMESHARE,1990
815743.1298,2174061.988,Hawaii,Kona Islander Inn,75-5776 Kuakini Highway,TIMESHARE,1969
741164.5514,2320415.805,Maui,Kahana Villa Maui,4242 Lower Honoapiilani Road,TIMESHARE,1980
741196.0875,2320463.524,Maui,Kahana Beach Resort,4221 Lower Honoapiilani Road,TIMESHARE,1980
740773.8625,2319270.447,Maui,Hono Koa Resort,3801 Lower Honoapiilani Road,TIMESHARE,1987
764100.1801,2300105.058,Maui,Kihei Beach Condominium,36 South Kihei Road,INDIVIDUAL VACATION UNIT,1973
765873.7905,2293370.071,Maui,Kamaole Beach Club,2381 South Kihei Road,TIMESHARE,1983
766123.2928,2292223.658,Maui,Hale Kamaole,2737 South Kihei Road,INDIVIDUAL VACATION UNIT,1973
759514.3244,2301543.204,Maui,Maalaea Banyans,190 Hauoli Street,INDIVIDUAL VACATION UNIT,1978
741363.0458,2320743.318,Maui,Valley Isle Resort (Estimate),4327 Lower Honoapiilani Road,TIMESHARE,1973
742492.2016,2323021.846,Maui,Napili Point Phase I,5295 Lower Honoapiilani Road,CONDOMINIUM HOTEL,1977
740723.4624,2319169.368,Maui,Makani Sands,3765 Lower Honoapiilani Road,CONDOMINIUM HOTEL,1975
740723.4624,2319169.368,Maui,Makani Sands,3765 Lower Honoapiilani Road,CONDOMINIUM HOTEL,1975
741893.8252,2309263.723,Maui,Lahaina Shores,475 Front Street,INDIVIDUAL VACATION UNIT,1974
741893.8252,2309263.723,Maui,Lahaina Shores,475 Front Street,CONDOMINIUM HOTEL,1974
740749.8989,2319222.359,Maui,Kaleialoha Resort (Estimate),3785 Lower Honoapiilani Road,INDIVIDUAL VACATION UNIT,1972
743620.1221,2324266.284,Maui,Kapalua Golf Villas (Estimate),500 Office Road,INDIVIDUAL VACATION UNIT,1975
743620.1221,2324266.284,Maui,Kapalua Ridge Villas,500 Office Road,INDIVIDUAL VACATION UNIT,1975
743620.1221,2324266.284,Maui,Kapalua Bay Villas,500 Office Road,INDIVIDUAL VACATION UNIT,1975
454121.3735,2418768.384,Kauai,The Point At Poipu,1613 Pee Road,TIMESHARE,1994
740216.1638,2318117.808,Maui,Kaanapali Beach Club,104 Kaanapali Shores Place,TIMESHARE,1989
620475.1558,2354153.527,Oahu,The Modern Honolulu,1775 Ala Moana Boulevard,TIMESHARE,
740643.1622,2318944.598,Maui,Hale Kai (Estimate),3691 Lower Honoapiilani Road,INDIVIDUAL VACATION UNIT,1967
740797.1156,2319324.302,Maui,Hale Ono Loa (Estimate),3823 Lower Honoapiilani Road,INDIVIDUAL VACATION UNIT,1971
741313.9141,2320906.263,Maui,Hololani,4401 Lower Honoapiilani Road,CONDOMINIUM HOTEL,1973
467067.6595,2440984.115,Kauai,Pono Kai Resort,4-1250 Kuhio Highway,TIMESHARE,1980
466979.805,2439769.15,Kauai,Kauai Kailani I & II (Estimate),4-856 Kuhio Highway,INDIVIDUAL VACATION UNIT,1969
464994.7275,2434026.637,Kauai,Kauai Beach Villas,4330 Kauai Beach Drive,INDIVIDUAL VACATION UNIT,1979
449174.6994,2457295.8,Kauai,Hanalei Bay Resort (Estimate),5380 Honoiki Road,INDIVIDUAL VACATION UNIT,1978
452783.4013,2420390.587,Kauai,Pili Mai at Poipu,2611 Kiahuna Plantation Drive,INDIVIDUAL VACATION UNIT,2018
453932.7844,2418525.721,Kauai,Makahuena at Poipu,1661 Pee Road,INDIVIDUAL VACATION UNIT,1997
601780.6282,2399393.527,Oahu,Kawela Kai II,57-503 Kamehameha Highway,INDIVIDUAL VACATION UNIT,1986
601799.4584,2399405.378,Oahu,Kawela Kai IB,57-495 Kamehameha Highway,INDIVIDUAL VACATION UNIT,1985
601799.4584,2399405.378,Oahu,Kawela Kai IA,57-493 Kamehameha Highway,INDIVIDUAL VACATION UNIT,1985
601780.6282,2399393.527,Oahu,Kawela Kai I,57-501 Kamehameha Highway,INDIVIDUAL VACATION UNIT,1986
591543.6505,2387575.396,Oahu,Hawaii Beach House,66-485 Pikai St,INDIVIDUAL VACATION UNIT,
594901.6587,2391123.867,Oahu,Haleiwa Surf Side,61-541 Pohaku Loa Way,INDIVIDUAL VACATION UNIT,
587029.8432,2386507.595,Oahu,Hale Nani,68-777 Crozier Drive,INDIVIDUAL VACATION UNIT,
622252.7428,2352701.716,Oahu,Waikiki Grand Hotel,134 Kapahulu Avenue,INDIVIDUAL VACATION UNIT,1963
630294.6403,2369876.618,Oahu,Hale Paradiso,684 Kaimalino Street,BED & BREAKFAST,1978
823461.6088,2156185.069,Hawaii,Dolphin Retreat,82-6039 Puuhonua Road,INDIVIDUAL VACATION UNIT,1998
441235.7999,2457453.528,Kauai,Kahelelani,Kuhio Highway,INDIVIDUAL VACATION UNIT,1985
685758.4273,2341551.462,Molokai,Kaluakoi Resort Condo,1131 Kaluakoi Road,INDIVIDUAL VACATION UNIT,1976
450976.1721,2457428.437,Kauai,Kuu Home O Wanini,3948 Anini Beach Road,INDIVIDUAL VACATION UNIT,1991
824201.9396,2157014.773,Hawaii,Lawai’a Sea Lodge,82-6047 Napoopoo Beach Road,INDIVIDUAL VACATION UNIT,
581611.7829,2373621.442,Oahu,Makaha Beach Cabanas,84-965 Farrington Highway,INDIVIDUAL VACATION UNIT,
453369.4365,2457749.29,Kauai,Menehune Hale,3948 Anini Road,INDIVIDUAL VACATION UNIT,1994
621642.7062,2369054.582,Oahu,Mokuleia Sunset,46-535 Haiku Plantations Place,INDIVIDUAL VACATION UNIT,
465620.4418,2454268.027,Kauai,Moloaa Kai,3525 Moloaa Beach Road,INDIVIDUAL VACATION UNIT,1988
823461.6088,2156185.069,Hawaii,The Dolphin Retreat,82-6039 Puuhonua Road,INDIVIDUAL VACATION UNIT,1998
630217.4013,2369983.289,Oahu,Ka Hale Lai,735 Nunu Street,BED & BREAKFAST,1989
462035.9174,2430170.707,Kauai,Timbers Kauai Ocean Club & Residences (Estimate),3770 Alaoli Way,TIMESHARE,2018
426325.7714,2429788.173,Kauai,Hale Alaula Cottage,P. O. Box 1271 2,INDIVIDUAL VACATION UNIT,
426325.7714,2429788.173,Kauai,The Fielding House,P. O. Box 1271 3,INDIVIDUAL VACATION UNIT,
426325.7714,2429788.173,Kauai,Kimsey Beach Cottage,P. O. Box 1271 4,INDIVIDUAL VACATION UNIT,
426325.7714,2429788.173,Kauai,Hale La`akea,P. O. Box 1271 5,INDIVIDUAL VACATION UNIT,
426325.7714,2429788.173,Kauai,Island Zen Cottage,P. O. Box 1271 6,INDIVIDUAL VACATION UNIT,
448920.5709,2455699.316,Kauai,Taj Ma Hale,4501 Pilikoa Street,INDIVIDUAL VACATION UNIT,
448920.5709,2455699.316,Kauai,Hale Lu Ya,4501 Pilikoa Street 2,INDIVIDUAL VACATION UNIT,
815743.1298,2174061.988,Hawaii,Kona Islander Inn (Estimate),75-5776 Kuakini Highway,TIMESHARE,1969
765969.5312,2292934.603,Maui,Kihei Kai Nani,2495 South Kihei Road,TIMESHARE,1973
740510.5726,2318544.599,Maui,Papakea Resort,3543 Lower Honoapiilani Road,TIMESHARE,1976
620395.0337,2354290.522,Oahu,Marina Tower Waikiki (Estimate),1700 Ala Moana Boulevard,CONDOMINIUM HOTEL,1975
622052.5211,2353127.074,Oahu,Kuhio Village Resort Hotel,2450 Prince Edward Street,CONDOMINIUM HOTEL,1967
597282.3278,2394906.223,Oahu,Ke Iki Beach Bungalows (Estimate),59-579 Ke Iki Road,INDIVIDUAL VACATION UNIT,1957
598840.2204,2396588.452,Oahu,Kalani Hawaii,59-222 B Kamehameha Highway,INDIVIDUAL VACATION UNIT,2007
580460.7082,2375358.909,Oahu,Makaha Shores,84-265 Farrington Highway,INDIVIDUAL VACATION UNIT,1967
764890.1465,2296292.55,Maui,Waiohuli Beach Hale (Estimate),49 West Lipoa Street,INDIVIDUAL VACATION UNIT,1979
764498.1989,2298942.635,Maui,Nona Lani Cottages (Estimate),455 South Kihei,INDIVIDUAL VACATION UNIT,1972
763779.649,2300451.396,Maui,Kihei Sands (Estimate),115 North Kihei Road,INDIVIDUAL VACATION UNIT,1975
764806.6098,2296278.499,Maui,Kihei Garden Estates (Estimate),1299 Uluniu Road,INDIVIDUAL VACATION UNIT,1979
765919.5206,2293126.704,Maui,Kamaole Nalu (Estimate),2450 South Kihei Road,INDIVIDUAL VACATION UNIT,1975
765407.9717,2294363.035,Maui,Island Surf,1993 South Kihei Road,INDIVIDUAL VACATION UNIT,1972
740797.3715,2310726.195,Maui,Puunoa Beach Estates,45 Kai Pali Place,INDIVIDUAL VACATION UNIT,1985
740669.6131,2319050.739,Maui,Nohonani (Estimate),3723 Lower Honoapiilani Road,INDIVIDUAL VACATION UNIT,1974
741499.189,2320673.877,Maui,Kahana Manor,4310 Honoapiilani Road,INDIVIDUAL VACATION UNIT,1981
747568.3566,2303518.466,Maui,Camp Olowalu (Estimate),800 Olowalu Village Road,INDIVIDUAL VACATION UNIT,1956
780524.8846,2310978.801,Maui,Lilikoi Lani,2460 Kaupakalua Road,BED & BREAKFAST,
766244.7943,2291795.676,Maui,Keawakapu,2895 South Kihei Road,INDIVIDUAL VACATION UNIT,
716833.4834,2303763.488,Lanai,Dreams Come True,1168 Lanai Avenue,INDIVIDUAL VACATION UNIT,1991
465780.5392,2438659.492,Kauai,Lanikai Resort,390 Papaloa Road,CONDOMINIUM HOTEL,1979
465186.7507,2438194.351,Kauai,Fern Grotto Inn (Estimate),4561 Kuamoo Road,INDIVIDUAL VACATION UNIT,2007
449499.5778,2457660.84,Kauai,Paniolo at Princeville (Estimate),4480 Ka Haku Road,INDIVIDUAL VACATION UNIT,
447974.3887,2455141.499,Kauai,Hanalei Inn (Estimate),5-5468 Kuhio Highway,OTHER,1960
453763.7796,2418628.311,Kauai,Sunset Kahili (Estimate),1763 Pee Road,INDIVIDUAL VACATION UNIT,1968
453815.2345,2418890.328,Kauai,Kauai Cove Cottages (Estimate),2367 Hoohu Road,INDIVIDUAL VACATION UNIT,1997
453605.1726,2418716.714,Kauai,Honu Kai Villas,1871 Pee Road,INDIVIDUAL VACATION UNIT,
453658.3443,2418844.2,Kauai,Hideaway Cove Villas (Estimate),2307 Nalo Road,INDIVIDUAL VACATION UNIT,2000
815376.1681,2175277.063,Hawaii,Two Bedroom Ocean View near Four Seasons,P.O. Box 2970,INDIVIDUAL VACATION UNIT,
817293.8216,2170665.292,Hawaii,Royal Kahili,76-6283 Alii Drive,INDIVIDUAL VACATION UNIT,1975
825931.17,2239135.717,Hawaii,The Puakea Ranch (Estimate),56-2864 Akoni Pule Highway,INDIVIDUAL VACATION UNIT,
909251.163,2184998.307,Hawaii,Hilltop Legacy (Estimate),57 Hina Street,OTHER,2009
924419.9369,2167836.306,Hawaii,Maluhia Hale,15-2071 21st Street,INDIVIDUAL VACATION UNIT,
927937.8924,2150238.455,Hawaii,Aloha Cottage,12-164 Kipuka Street,INDIVIDUAL VACATION UNIT,
927380.4592,2149373.808,Hawaii,Blue Kahena,12-7222 Kii Nani Street,INDIVIDUAL VACATION UNIT,
927919.2281,2150245.458,Hawaii,Escape2Puna,12-165 Kipuka Street,INDIVIDUAL VACATION UNIT,
927699.1262,2149965.484,Hawaii,Gardens by the Sea,12-157 Oliana Street,INDIVIDUAL VACATION UNIT,
931107.67,2168278.605,Hawaii,Hale Alu Lepe,15-127 Alu Lepe Street,INDIVIDUAL VACATION UNIT,
928077.3728,2149851.196,Hawaii,Hale Balleja,12-109 Oliaha Drive,INDIVIDUAL VACATION UNIT,
931375.5774,2168197.745,Hawaii,Hale Ehu Kai,15-2717 Welea Street,INDIVIDUAL VACATION UNIT,
931490.0234,2167914.353,Hawaii,Hale Hou Hoaloha,15-2759 South Coastal Puna Parkway,INDIVIDUAL VACATION UNIT,
931114.4512,2168351.092,Hawaii,Hale Kakahi,15-2678 Welea Street,INDIVIDUAL VACATION UNIT,
923404.9916,2167310.129,Hawaii,Hale Kauka,15-2011 26th Avenue,INDIVIDUAL VACATION UNIT,
927296.1733,2149264.002,Hawaii,Hale Kii Nani,12-7241 Kii Nani Street,INDIVIDUAL VACATION UNIT,
928463.2807,2150623.162,Hawaii,Hale Kukui Ola,12-169 Mapuana Avenue,INDIVIDUAL VACATION UNIT,
927609.3221,2150245.578,Hawaii,Hale O Kamakani,12-214 Oliana Drive,INDIVIDUAL VACATION UNIT,
927998.7317,2150184.491,Hawaii,Hale Ohai,2-183 Kipuka Street,INDIVIDUAL VACATION UNIT,
929297.3384,2166395.935,Hawaii,Hale Pueo,15-2675 Lalakea Street,INDIVIDUAL VACATION UNIT,
925039.4934,2173628.555,Hawaii,Kahikole,15-871 Paradise Ala Kai Drive,INDIVIDUAL VACATION UNIT,
902846.6234,2154620.101,Hawaii,Kahu Io,11-2896 Kaleponi Drive,INDIVIDUAL VACATION UNIT,
924562.059,2174088.538,Hawaii,Kaloli Point Hale,15-1048 Kiawe Road,INDIVIDUAL VACATION UNIT,
927937.8924,2150238.455,Hawaii,Kipuka House,12-164 Kipuka Street,INDIVIDUAL VACATION UNIT,
925397.1455,2172437.249,Hawaii,Mele Kai,15-1787 1st Avenue,INDIVIDUAL VACATION UNIT,
925311.4424,2172804.404,Hawaii,Mele Kohola,15-991 Paradise Ala Kai Drive,INDIVIDUAL VACATION UNIT,
908880.1323,2195270.028,Hawaii,Onomea Bay Cliffside Cottage,27-680 Kahalii Place,INDIVIDUAL VACATION UNIT,
925235.4948,2150290.041,Hawaii,Paradise Found,12-4401 Hoonone Street,INDIVIDUAL VACATION UNIT,
897186.2698,2152771.493,Hawaii,Pele Noe,11-3815 6th Street,INDIVIDUAL VACATION UNIT,
928571.1287,2150376.966,Hawaii,Piha Hauoli Hale,12-135 Mapuana Avenue,INDIVIDUAL VACATION UNIT,
927595.1266,2150075.262,Hawaii,The Quiet Place,12-172 Oliana Drive,INDIVIDUAL VACATION UNIT,
909020.1022,2185427.014,Hawaii,Wailele Nalo,266 Kaiulani,INDIVIDUAL VACATION UNIT,
927396.1815,2149390.046,Hawaii,Zen Lite,12-7220 Kii Nani,INDIVIDUAL VACATION UNIT,
910048.3801,2186500.49,Hawaii,Bayshore Towers,84 Pukihae Street,INDIVIDUAL VACATION UNIT,
766120.1986,2291646.319,Maui,Kihei Surfside,2936 South Kihei Road,INDIVIDUAL VACATION UNIT,1976
831479.8042,2241005.222,Hawaii,Kokolulu Farm and Cancer Retreats (Estimate),55-3476 Akoni Pule Highway,INDIVIDUAL VACATION UNIT,
832093.7827,2211830.195,Hawaii,Whales Tail (Estimate),2 Puako Beach Drive,INDIVIDUAL VACATION UNIT,
832031.1571,2211791.043,Hawaii,Treehouse (Estimate),152 Puako Beach Drive,INDIVIDUAL VACATION UNIT,
832065.4019,2211803.511,Hawaii,Hula Moon (Estimate),128 Puako Beach Drive,INDIVIDUAL VACATION UNIT,
621231.0639,2353433.073,Oahu,Imperial Hawaii Resort,205 Lewers Street,TIMESHARE,1967
462472.2379,2427480.065,Kauai,Kauai Inn,2430 Hulemalu Road,HOTEL,1890
912678.2799,2186166.688,Hawaii,Hilo Seaside Hotel,126 Banyan Drive,HOTEL,1960